Y,X0,X1,Z0,Z1
0.4032612954991045,1.0,-0.0043077104680454975,1.0,-1.085964930928101
4.085351718745026,1.0,3.3680530500878345,1.0,1.4984789103010632
26.804558509262865,1.0,0.11069699369961623,1.0,-0.9849498541092512
-9.62411419433269,1.0,-0.1732433299186531,1.0,-0.14843073125600686
13.65133281240572,1.0,4.11266842360411,1.0,1.9930361038175097
53.38619179269183,1.0,4.6478254419085765,1.0,1.2989160816824774
-0.8430273612975006,1.0,0.875988998330326,1.0,-0.13508419468550467
18.936820344066422,1.0,3.080851158353942,1.0,1.166681627535753
9.302646260396273,1.0,3.1887197922458617,1.0,1.1589895909946595
3.499983504605939,1.0,0.36982454718036595,1.0,-0.35752958760229897
-10.284318970204145,1.0,1.043530551128975,1.0,-0.6605998080940972
4.612708916595876,1.0,2.638174287569366,1.0,1.9370307714800747
-9.920042565383612,1.0,-0.053094017864389165,1.0,-0.2769667032810056
-1.9217057490052314,1.0,-0.18030905476405448,1.0,-1.0731195273202851
6.683479536782038,1.0,2.448175415212334,1.0,0.46115692254072005
2.5122623864621847,1.0,0.014422873959958116,1.0,-1.378554592692357
8.265195129442638,1.0,-0.37650705760821007,1.0,-1.0903566546389516
-7.569447183466365,1.0,-0.4810530338536778,1.0,-0.18329718908091852
13.888290785233167,1.0,4.116370388862013,1.0,1.9564331577838923
-4.84829051273835,1.0,0.8640028450605616,1.0,0.0003230698336315161
-22.381319424866426,1.0,-0.8368654928128855,1.0,-2.4548398552352095
-29.356643808395816,1.0,0.020679622993527325,1.0,0.8511200666278317
14.81944410643927,1.0,-0.35170112648931884,1.0,-2.156070650705102
0.9148610463909002,1.0,1.2302604216226527,1.0,0.3134503273392199
-1.0062145849685669,1.0,0.19713138548369313,1.0,0.0034675828866894574
7.645804689457495,1.0,2.1098264516033565,1.0,0.13887153517724413
24.787352096125563,1.0,3.502294411727998,1.0,1.7747381942269838
-7.131669555683483,1.0,-0.24180561014655177,1.0,-0.7065217137963714
-7.359551915235079,1.0,-0.4463484875439895,1.0,-0.8922380970733848
-17.373425935590447,1.0,0.07873488768795966,1.0,0.49747874720685453
8.595057136694685,1.0,2.835699682831724,1.0,1.7424935167066928
12.503974192949524,1.0,2.964752644622718,1.0,0.38949565674518594
13.621135247624895,1.0,2.1082711874632576,1.0,0.29699303906658703
-29.18803168760163,1.0,-1.173305411543935,1.0,-0.5861555808115192
-27.885905875860974,1.0,-1.995308237809234,1.0,-2.1201257578600985
21.473520383997517,1.0,2.081777650337524,1.0,-0.201923257665457
6.675873889211608,1.0,1.002032338711035,1.0,0.21986344188296292
18.50938130783657,1.0,0.6351848754542657,1.0,-0.7897874288648973
10.463275209711398,1.0,2.9865573554495204,1.0,2.3744611264790016
-1.6866024245239353,1.0,0.6576101135986343,1.0,0.03646748378440579
-0.31317244950179557,1.0,3.082689231255783,1.0,1.3454280803888679
-9.68618487368129,1.0,1.2627419028990658,1.0,0.7349115556005272
25.239319390791426,1.0,3.8728192736044753,1.0,1.877089647097036
5.6329704872962285,1.0,-0.8683410471926167,1.0,-2.05071974774512
-1.9556652479386334,1.0,1.2673486238019593,1.0,0.120636544113183
-7.873870880723464,1.0,1.6360428427426885,1.0,2.380389304805773
-3.4112384079045,1.0,0.13880410587085495,1.0,-1.251500574529002
25.83175916586114,1.0,1.7548191090507426,1.0,0.3329294486736597
-16.136403679125593,1.0,0.6467369569568957,1.0,-0.06756812861116232
26.395804465451064,1.0,2.6868748934521145,1.0,0.6543334821570653
15.364865752742201,1.0,1.211469502482287,1.0,-0.624730032567665
-12.234293338122319,1.0,-1.7694312344217173,1.0,-1.158013308718123
0.3160411688934186,1.0,2.4718821074305053,1.0,0.39470138257364235
-11.61846291203874,1.0,0.4550430538906215,1.0,-0.005620804024145844
1.7614264083780677,1.0,-0.40393714869007225,1.0,-0.7644358066646317
25.10352931499981,1.0,2.285665220888567,1.0,0.5127663283721995
14.35998659268719,1.0,2.5273990477214543,1.0,-0.1831081503068439
9.264069997793019,1.0,0.8978107320377253,1.0,-0.07919258124441735
20.9146798897603,1.0,0.6944863897764588,1.0,0.4478679994159527
-34.29924751523039,1.0,-1.2794555457243124,1.0,-0.10859489872393614
-14.669888490743045,1.0,1.1701691334229203,1.0,1.467962895996589
13.323611005797062,1.0,1.8637719785842486,1.0,-0.03420582740646873
21.218625949807755,1.0,2.2942505653469847,1.0,-0.23288735225098953
16.70871496616423,1.0,1.94276407137447,1.0,-0.42048701449236753
18.451743599721173,1.0,3.0528330355405964,1.0,1.5103915860945132
7.198658278255817,1.0,0.9420074772575122,1.0,0.5696830767537279
9.128108441811941,1.0,0.4579160302533095,1.0,-1.3693365539960154
19.749501718508082,1.0,3.7798903373023456,1.0,2.2738539777418554
27.893403782462755,1.0,2.8073557710989427,1.0,-0.5526693840488864
-0.46416511812263384,1.0,3.4418576888324197,1.0,2.231542456405228
9.587490476798656,1.0,0.43218015911708463,1.0,-2.4844096946560645
-0.7088642467202835,1.0,2.0303123364956654,1.0,2.0785739700237738
-12.71401432898231,1.0,-0.17469534799659858,1.0,-0.7469858437690774
-10.610737653929874,1.0,3.0916140139035675,1.0,1.7746185356763093
21.887392532887738,1.0,2.939572804977743,1.0,0.6244688609316549
-6.552437389736178,1.0,-0.922415068658662,1.0,-1.3146728551577103
-0.8644161716977969,1.0,-0.3866675948106464,1.0,-1.9578188719721872
-10.628028683380617,1.0,0.16665276075751345,1.0,0.3324817167940646
-8.669052910058554,1.0,-1.4130209890850578,1.0,-1.9093669379072684
-18.507877059244844,1.0,0.7803867623086069,1.0,0.6820664971587295
4.281553656275226,1.0,0.1363697341153104,1.0,-0.13945099705969094
-16.077830554521782,1.0,1.1376532995039428,1.0,0.8922941846218193
-11.49992735345256,1.0,1.1618653163690338,1.0,0.5739411887061245
-20.284622555511003,1.0,-0.17224797080829268,1.0,0.15121648791788891
10.938598367459807,1.0,1.8573798938499526,1.0,0.1850875344372746
-6.784254644220582,1.0,-0.1775529705557486,1.0,-0.7652090748226289
-20.80165145899491,1.0,1.2091168029738255,1.0,-1.0259365185278955
4.1124423436092234,1.0,-1.2176759669589639,1.0,-1.817196950277231
6.8179895611910295,1.0,1.40448475825707,1.0,-0.12073967262044888
12.857980174176603,1.0,3.443635748257704,1.0,2.49056737499798
4.029585713341393,1.0,0.9894368077636017,1.0,0.03211409015453525
6.257578941462654,1.0,1.7709610981601995,1.0,0.04207349299410732
5.812340836702323,1.0,0.16670885333867994,1.0,-0.9495370336743739
-4.881799308006636,1.0,0.3016477963117443,1.0,-0.7346299339570047
-22.946059535200234,1.0,0.28791769913203913,1.0,0.28950733450358257
6.241191615643365,1.0,1.0512480239568105,1.0,0.045606223268075625
0.4117773214831968,1.0,0.19275747327440895,1.0,-1.3114839159748493
6.088475745903493,1.0,1.8814940139719263,1.0,0.5481780832551575
9.372378508834935,1.0,0.28979217527395545,1.0,-0.48679863242723787
-12.696016078790842,1.0,-0.5085822036803664,1.0,0.22115327398918797
-37.44904048466085,1.0,-1.5941434761391755,1.0,-0.5741158272082295
30.432868048087922,1.0,2.993643241769288,1.0,1.0650564013241601
17.27788868801373,1.0,1.4835045249487808,1.0,-0.9526191295055074
-7.352200316064939,1.0,-0.5764263136160122,1.0,-1.231422059657164
10.265806067468105,1.0,1.1772627258870243,1.0,-1.4508585885351257
27.231079868127104,1.0,2.0278660765118084,1.0,0.3440443955645594
-21.783154014874896,1.0,0.9886036486285965,1.0,0.6027607496059313
-11.961281751721232,1.0,2.8037213609212097,1.0,1.5528850369691083
-10.83249670382487,1.0,-0.4455013611025611,1.0,-1.1887818269829353
5.069780799029535,1.0,-0.7648534426883677,1.0,-0.9171399272345104
13.843933424046861,1.0,3.9765000709053977,1.0,2.3764181877279293
19.367188358103643,1.0,1.934723888938787,1.0,0.4398319755837164
-13.674037707655506,1.0,-1.598830202587448,1.0,-0.7312750475432586
-27.930697245861445,1.0,-0.3416560320807046,1.0,-0.25604344266996837
7.025530026301895,1.0,1.8305632022551417,1.0,1.3141789796832801
2.824400444136428,1.0,1.562725314882603,1.0,0.30473540550227013
7.213072850130227,1.0,1.8074096642474289,1.0,0.48380400656801803
-18.690783241277707,1.0,3.25128450285927,1.0,3.2735413289449786
1.3110891504987332,1.0,0.09508215642046203,1.0,-1.2199689246939758
-5.151914519269267,1.0,-0.10244968624099371,1.0,-0.49641872749751703
2.8861838168401697,1.0,0.12991841632461415,1.0,-1.2012704680433068
-1.145006510883663,1.0,1.096728664098218,1.0,0.6869263300650583
-18.46480675112571,1.0,1.214318932958232,1.0,1.028785718952155
-15.078771081810977,1.0,1.3130462030352188,1.0,1.2820975745121173
4.941093002023535,1.0,2.097365539636181,1.0,1.4834857185228492
4.169141052056719,1.0,2.0879713501868085,1.0,1.05786432818199
-11.456976615637162,1.0,1.6583281174546523,1.0,1.1759640094728407
-20.420227184771903,1.0,-1.7116597186782578,1.0,-1.4583548472543495
-16.18978306874442,1.0,0.6425602211319288,1.0,1.0018256840538498
4.603921687999978,1.0,2.0924019629437804,1.0,0.7780140261318216
-6.505393954777358,1.0,0.35886864264480284,1.0,-0.3308023247223362
4.698970539091317,1.0,0.6122197925337174,1.0,-0.5166516956835742
1.6834419080024754,1.0,-0.04053218148855153,1.0,-1.7870286277735605
20.340688388598323,1.0,1.223919729086338,1.0,0.6802842840321086
17.824580051569107,1.0,2.1604564437146676,1.0,0.29372900523738693
12.045045615667167,1.0,3.9658993862841543,1.0,2.236970537455391
-19.033321593555392,1.0,-1.2482122619911804,1.0,-1.1418562728757957
-10.284173703111078,1.0,0.048146816145146154,1.0,0.18742666459896448
2.3290167717305947,1.0,-0.5140787795138755,1.0,-0.8244699851400343
27.652421686612527,1.0,4.04414200488205,1.0,1.075956755977635
-10.719169168117427,1.0,0.026042411965092604,1.0,0.35637373549464346
-3.8669845484294747,1.0,1.5387791875685382,1.0,-0.048924433095473056
0.25740914159321404,1.0,1.0647587951118547,1.0,-0.552001736174526
-6.283885066052251,1.0,-0.2486224398182777,1.0,0.27263139559178645
5.537094501476043,1.0,1.090408145658375,1.0,0.12766040143119686
25.61767873442119,1.0,2.977246431958574,1.0,1.661344442463885
-14.079257445587396,1.0,0.432013741412381,1.0,0.6703985502075629
1.5585828453459236,1.0,1.0542025047135641,1.0,-0.3189054586672973
1.2007874810296393,1.0,1.156667041702803,1.0,1.1270459291091126
-19.612841484592458,1.0,-0.7175361158751655,1.0,-0.6028533556180627
5.166164901195999,1.0,-0.12810435587920255,1.0,-0.41724541990977854
7.322027519083557,1.0,1.9439532532900514,1.0,0.059943397313554636
6.643998844027128,1.0,3.518718214128431,1.0,1.941133322756008
-5.727875137478298,1.0,-1.5480780898875186,1.0,-1.7151589145825545
-27.87280625623756,1.0,-1.1680893238397783,1.0,-0.4673634128494503
5.177040991348958,1.0,0.9127782705257488,1.0,0.14168409967373902
-10.878779751399401,1.0,-0.5541347026500094,1.0,0.25047181403742247
-12.20496160868553,1.0,0.45332436001148757,1.0,0.7313494740953563
17.859569169204555,1.0,2.0047355801083557,1.0,0.24423619956858347
5.242121886259701,1.0,0.7891905238251018,1.0,-0.3118025674787595
20.602896247857117,1.0,0.6577840090120173,1.0,-1.1084909755291257
-11.704320507128191,1.0,0.7689813534220075,1.0,-0.2763177126468985
-26.079996380183683,1.0,-0.6597824853050884,1.0,-0.3413914462139909
12.81761412063987,1.0,0.8984592164168048,1.0,-0.1505593399239228
2.085020199121062,1.0,0.10876882582636974,1.0,-1.0761469276923228
13.329025619234756,1.0,0.16242389145929842,1.0,-1.1832869927864833
-3.528707013369379,1.0,1.8847640178003227,1.0,0.2963052448033405
13.55478754291797,1.0,1.2483631131974189,1.0,-0.8692587634219425
5.039813878652499,1.0,2.469632188556125,1.0,1.3311950356331483
10.856867141740466,1.0,0.4961178037325023,1.0,-0.4503215419398261
9.838873648159513,1.0,2.077397217824206,1.0,0.009790584884486695
-0.6344246786319792,1.0,0.8525820951638742,1.0,0.05045150152294836
-8.176364833096343,1.0,0.591440096142757,1.0,-0.2887545352778887
2.3766137255203104,1.0,0.10045573942040176,1.0,0.2181298491547345
-14.776213295482801,1.0,-0.491733826715368,1.0,-0.4924951710685656
-5.019322041325676,1.0,-0.5054516823606834,1.0,-1.2278154408311392
-2.426155402900723,1.0,1.2274379327995115,1.0,0.5488383892834777
-10.964586373648013,1.0,0.23952868680726597,1.0,-0.6558369052202404
2.305171383183148,1.0,-0.8726037557041404,1.0,-1.0095735328972757
-43.35233030375897,1.0,-2.520657748990327,1.0,-0.5310830758602375
26.354663442137035,1.0,3.1394626516873534,1.0,0.5505627330738174
9.9719289965958,1.0,1.2608110739529175,1.0,-0.8009469235108218
-12.52371172338278,1.0,0.9021802020058116,1.0,0.16927419792266213
28.15951334889065,1.0,0.25062211180197913,1.0,-1.6351497433952096
-5.260431029729915,1.0,2.243370438121965,1.0,1.2645374205826059
-5.114024494782674,1.0,-0.2741418393033064,1.0,-0.09867542699486839
4.579175541892391,1.0,1.1644136261880105,1.0,0.64749068300301
0.034448454211322366,1.0,0.33080279545029434,1.0,0.3258022466497121
25.335614138884566,1.0,5.107715133508991,1.0,2.0671954230687803
13.855433995911053,1.0,1.967149304738618,1.0,0.3970599529454062
-1.6833613095107092,1.0,-0.25513257122290595,1.0,-1.293578427023216
-6.271236552344653,1.0,0.6650272049607647,1.0,-0.12049892279849463
9.28785500158154,1.0,2.7135543676671596,1.0,1.132628225284743
2.751497077083373,1.0,3.1396097401215624,1.0,1.0895632959286452
24.487306180727025,1.0,0.8617492758445371,1.0,-0.5832070507975623
20.128728330864078,1.0,2.7749189021152327,1.0,0.990185320697071
9.042044462729974,1.0,0.3993123937872286,1.0,-1.1805512938552662
14.348124991389348,1.0,2.0910444242818187,1.0,0.40962256638214284
-10.188476773151407,1.0,0.4696244753571889,1.0,0.06579557928933256
17.9799555036943,1.0,2.1769085049481323,1.0,0.4283460802896614
-7.036579335167332,1.0,1.004262589259798,1.0,-0.10687448834310648
-2.288640205945771,1.0,-0.5426919612163414,1.0,-0.6327182882800714
-0.6969769046017942,1.0,0.8101813447264108,1.0,-0.4640389396744521
-3.02128276375368,1.0,0.4322947387146625,1.0,-0.6284932403390551
-3.3212639388236935,1.0,0.9071678662293913,1.0,-0.037799764870449865
6.924509425601942,1.0,0.011171220455263198,1.0,0.12508050653551922
7.5739195005151245,1.0,1.3188731824587028,1.0,1.0854122970683302
25.306775921118653,1.0,1.5049734109014872,1.0,0.21179625802005242
21.30049238802452,1.0,2.820946980668861,1.0,1.4037798224590723
13.87617466629776,1.0,2.1323862407921665,1.0,0.21430466014341165
-3.7658752879471686,1.0,1.6643439903163073,1.0,0.07055866207924005
-5.141212118026026,1.0,1.705372512057967,1.0,0.32808448730225254
-14.451089867189364,1.0,0.8539014485774812,1.0,0.7151833618133614
4.9546217138774615,1.0,-0.48622999588144533,1.0,-1.110586963997621
-9.971520549748023,1.0,0.32503271622620566,1.0,-0.35813257090557155
-8.917048240209803,1.0,1.094625878535598,1.0,0.6337657439061578
-2.4619245661293743,1.0,1.1903862955852782,1.0,0.524490846283205
18.110393696837964,1.0,1.1452465430796472,1.0,0.17201473939633116
-14.584375053788374,1.0,0.09320471772475991,1.0,0.11721104839216104
26.713575463020536,1.0,1.8362196947506533,1.0,1.1479936907868507
24.75140258586907,1.0,0.7250556686100911,1.0,-1.3450238682134186
27.763817606301146,1.0,-0.8682238338318665,1.0,-2.0535871197148836
-21.522764907918166,1.0,-1.696197713573499,1.0,-0.3050667151822088
21.953894100145327,1.0,0.6734414276009746,1.0,-1.463132431135201
-2.394186677113126,1.0,2.599037737339752,1.0,1.4769689148838907
5.796701235094911,1.0,-0.18301071549453324,1.0,-1.1872610820636176
5.306957915386941,1.0,1.484392065947825,1.0,0.15464325867278653
3.998317694288585,1.0,1.836308957560538,1.0,0.501878945060622
11.298448161273122,1.0,1.658878202038885,1.0,-0.6059777690782417
-20.867648084369556,1.0,0.7784227322406263,1.0,1.12543314400121
-13.817120593687816,1.0,0.7918076640253444,1.0,-0.06633595754533811
5.468579746391624,1.0,1.1554904931432923,1.0,-0.6181853024323049
14.506049274016341,1.0,-1.05984588894063,1.0,-1.6935145138498309
-1.2556933719336087,1.0,0.3954650722885067,1.0,-0.9171726837718674
36.41502667453112,1.0,3.8241142312676497,1.0,2.396368416738495
16.487455299046715,1.0,2.1390803788731607,1.0,0.7975966226575362
6.674831626196205,1.0,0.5175322746802398,1.0,-0.5047436026859532
-17.09614584251542,1.0,-0.3607509814025409,1.0,-0.7627166857915598
-9.531190241343545,1.0,0.7605264249173939,1.0,0.7513932256857878
5.510065826030409,1.0,0.9609122528658596,1.0,0.4299998344602122
15.183131401232632,1.0,1.6800689093506742,1.0,0.8251970881632165
-9.614508325004227,1.0,0.19996425943171306,1.0,-0.8775362971015421
-2.0159428645023096,1.0,-0.6615630910290249,1.0,-1.5767101740378486
12.218528029273838,1.0,-0.029480047095289896,1.0,-0.8514962383428424
-0.4230837487044212,1.0,2.146902393282086,1.0,1.5265209997464986
2.302311722884622,1.0,0.3234034233787117,1.0,-0.269892090947485
-26.192858907533267,1.0,-2.3929533664583427,1.0,-2.059859856127509
10.430337248910213,1.0,3.6095258706938473,1.0,3.065446332389432
-0.7030747922032212,1.0,1.5550527547507909,1.0,1.6399142833268168
-17.14266813907177,1.0,0.7834453754538424,1.0,1.2121806826189188
20.616851835364816,1.0,1.980705504379197,1.0,0.5623389040531344
13.072841802693198,1.0,0.8383958126159802,1.0,0.023040784592268264
-11.245385652041167,1.0,-1.294464821175846,1.0,-0.6528691315233471
-10.925828524858561,1.0,0.34773610296376845,1.0,0.2906118425996164
28.720985526867764,1.0,2.566003411191712,1.0,1.005378298112876
5.068544539674785,1.0,2.475531305849099,1.0,0.9367056854284064
17.026492565291683,1.0,1.6147641413732354,1.0,0.5899647759123745
30.200146649359457,1.0,2.1034890125289785,1.0,0.3048974361534479
14.109695860601775,1.0,1.8620832359736545,1.0,-0.38465409223912683
1.8289031087165215,1.0,1.9306956958157162,1.0,0.9664810257444721
1.8425699196251044,1.0,0.6509346215663585,1.0,0.04533323495235107
17.492463512971096,1.0,2.2640505125790296,1.0,0.7322392397747831
-12.14893383864,1.0,2.3076027708680344,1.0,0.5630496966623343
43.362561249869486,1.0,5.1191925146534984,1.0,1.5913747591444236
-6.174898012983359,1.0,-0.2873522999760725,1.0,-0.6275549541801342
29.690169888073203,1.0,1.5656440531392006,1.0,-0.582918297120109
-6.986019606966994,1.0,1.421355760924126,1.0,1.4628465419766892
6.491367909874709,1.0,0.960802177822107,1.0,0.09778619523292628
7.947028237211853,1.0,0.8884187724661248,1.0,-0.24733648366667857
32.24062584784377,1.0,2.976524245801011,1.0,0.29849203132185786
-3.0212543035250015,1.0,-0.36977549501593454,1.0,-0.5813510073319205
9.394881803740612,1.0,2.157646034468332,1.0,0.6900532027246095
18.70865554755551,1.0,1.7438832864110418,1.0,1.024750027928539
-1.1328489570989546,1.0,-0.4232092233895499,1.0,-1.4645284206356939
-28.870436081504415,1.0,-0.32741577141464173,1.0,-0.7675523037723019
5.73969252248045,1.0,1.9511147904629877,1.0,0.9543527821222201
-22.75191022528663,1.0,-1.2496493812413778,1.0,-0.91605145960762
-1.8482916158315321,1.0,-0.23043899259058032,1.0,0.2786006771312181
16.939491978698115,1.0,2.9404020051490853,1.0,0.006720249745442513
-6.058912699332421,1.0,0.6255569737930368,1.0,0.34380357427339003
19.635989128968465,1.0,2.981764061954385,1.0,1.3491547456670836
-7.774322565650159,1.0,-1.5368329524544473,1.0,-3.0285814037178387
15.086558343010429,1.0,0.7443755042765039,1.0,-0.36208501108980135
-37.385350419640105,1.0,-1.2585404197222174,1.0,-0.7441911524963073
-2.8559952878321027,1.0,0.8422056841766745,1.0,-0.3533835542656179
24.48875882561437,1.0,1.2010852622049226,1.0,-0.5489429053616678
-5.169474878942185,1.0,0.43901093643239,1.0,0.13626642138129963
-19.64070763426347,1.0,0.35106634801785364,1.0,0.3070677209107991
4.45984109280232,1.0,0.9536777127332591,1.0,-0.2907539736471677
-3.8775379843098348,1.0,1.6947621180147503,1.0,1.421467055329852
29.33449741562898,1.0,1.8362950681110672,1.0,-0.996663919939318
27.500004288350986,1.0,3.13356518733002,1.0,0.0690180895545456
-11.607300082023569,1.0,-0.8449753790691332,1.0,-0.3339343407030358
24.759187861332226,1.0,1.2188867215549781,1.0,-0.323916159891359
6.343521302005356,1.0,2.016388792621038,1.0,1.4079466931469344
39.691002601715525,1.0,3.7439973969886293,1.0,0.6954191053849358
-1.70639546574309,1.0,0.20711726819691645,1.0,0.04854956910811237
26.12186376976021,1.0,3.0429510253996686,1.0,0.588314435462229
13.66245086042185,1.0,0.8133027732427367,1.0,-1.5673162652227912
-27.251985990988395,1.0,0.5207122797401726,1.0,0.5398020573166952
-2.1842188706009438,1.0,-0.3906850074117375,1.0,-0.6292179349595982
-10.347715825812557,1.0,1.6548984281281915,1.0,1.8039490316563103
-23.049522325357383,1.0,0.08978692846242331,1.0,0.344990908834406
-11.513305608964572,1.0,-0.164047614477151,1.0,0.642494568702319
-11.462498394648069,1.0,0.659416610316351,1.0,0.45598481954045683
20.58862183664345,1.0,2.323233917968,1.0,-0.33986444449429987
-8.344198973905462,1.0,0.7785949396467594,1.0,0.524447890029056
6.3649151906521055,1.0,2.848634876892869,1.0,0.6441870656880099
-8.008743325386098,1.0,-0.430665497034934,1.0,-1.2710466979978032
-6.58544505164887,1.0,-0.8185729976196406,1.0,-1.276763189267492
18.769020668405776,1.0,2.532810406477919,1.0,-0.7513327838012619
16.399222847725536,1.0,0.6981022082983049,1.0,-0.10000249416995123
15.788555539505502,1.0,2.990147925235156,1.0,1.7681349604617738
28.756301701271823,1.0,3.131898999658516,1.0,-0.18776141577609182
8.445727701023358,1.0,1.9228597653210187,1.0,0.1648284723936612
-34.00877753755506,1.0,-0.6775909874390307,1.0,-0.2788068700111941
0.6318291819202919,1.0,1.0722301542581416,1.0,0.8040523009946995
11.920363358573674,1.0,2.2697137746126455,1.0,0.2373205202084279
8.13248427555295,1.0,0.6509454861078121,1.0,-1.0338471260901232
25.906564813387917,1.0,0.8823204129804556,1.0,-0.14624807524998365
15.47341629447843,1.0,0.5850759214006793,1.0,-1.7400188058217658
-16.136620281253407,1.0,-0.5844576154681991,1.0,-0.5578401803131185
-12.27732207706686,1.0,-0.08332239203529843,1.0,-0.9581188825281
-13.089369790385156,1.0,0.15816273583940227,1.0,-1.1041664785557863
-12.815062723625296,1.0,-0.11490272639179211,1.0,0.2668213053831738
27.143332312363153,1.0,2.2208874295992764,1.0,0.3805690830774813
31.85082562091427,1.0,1.3528917640486062,1.0,-0.9466094411216507
-11.732328451242306,1.0,-0.09051032981472212,1.0,-0.8543565479587958
-2.9652648250334552,1.0,1.7133158673670614,1.0,1.4628696656903433
15.079388210487044,1.0,1.7579886046899542,1.0,0.05246277189250165
-13.35341009876355,1.0,-0.5061048765918472,1.0,-0.6571248854811684
10.776690138671013,1.0,2.6632116833376904,1.0,0.6769538258624559
-12.010637073636609,1.0,-0.1973047448844622,1.0,-0.7311983119995576
0.9726541846713253,1.0,-0.07555230094089882,1.0,-0.4903717181276282
4.756641521680887,1.0,-1.0329343669236357,1.0,-1.2461658148699046
-36.68720029296009,1.0,-1.2411028193655613,1.0,-0.23919315883042108
3.663518103208615,1.0,0.7180469114576642,1.0,-0.6534700916744235
7.5852035525632076,1.0,1.095768664211188,1.0,0.032133985229051636
8.918913689843384,1.0,1.9536778488008264,1.0,1.2971490712682903
6.989464335337523,1.0,2.293086523334286,1.0,0.4263716863427804
-5.290587623894117,1.0,-1.2825999980033076,1.0,-1.2677725665877926
2.2824404857735745,1.0,1.3614471798297227,1.0,-0.24291995238615646
-23.159440050281507,1.0,-0.5065446394741779,1.0,-0.24696989936914765
-7.641790791879423,1.0,1.0324894227111843,1.0,0.498758853372842
-2.0705499057645644,1.0,2.604120169234101,1.0,1.2894798447861413
4.2599181852765655,1.0,2.6089954529542436,1.0,1.697812728288903
32.193587781753585,1.0,3.1307572648280475,1.0,-0.08608500670104635
30.764128283051004,1.0,2.494496758437086,1.0,0.45392221381090164
1.2130858775673534,1.0,3.0824980729260494,1.0,1.4710117749429266
-9.109567044292284,1.0,-1.817529708588829,1.0,-2.399703434351225
9.621732174019298,1.0,1.0546337979604106,1.0,-0.6505724278208226
4.576394415281342,1.0,1.7310934063931396,1.0,1.2001286677842562
3.744439001496228,1.0,-0.494887737279853,1.0,-0.832673649122275
-19.41609683901055,1.0,-0.6410322581827406,1.0,-0.26775364580336675
26.388706275245568,1.0,3.5665737471059105,1.0,1.1956768917607186
-4.240507597859324,1.0,-0.19258256439802923,1.0,-0.18921015434286143
-2.592016107012795,1.0,0.1254265976960176,1.0,0.19213952954101038
-24.51877875800392,1.0,-1.375650752874635,1.0,-1.8992216166053326
4.593555832537164,1.0,2.6706039951656937,1.0,1.21402364390122
7.168574607087376,1.0,2.4977092119740187,1.0,0.7960184321863745
-1.6092214809394596,1.0,0.014690324794186055,1.0,-0.8685809980127306
-14.534696956853661,1.0,0.6108706774846143,1.0,-0.47383350909705907
9.452614921614721,1.0,0.480433131075336,1.0,-0.31572645383771863
16.49011075466359,1.0,1.298580464725664,1.0,0.00788201571203815
3.908019643641886,1.0,1.6426304696933858,1.0,0.09938945531839916
-5.547896708896114,1.0,-0.7627897565627038,1.0,-1.9317072578312877
22.477977403194902,1.0,2.1687929390088545,1.0,-0.9537178470450037
29.182635487475935,1.0,1.5182019954821417,1.0,0.6061673039046702
3.716492686538663,1.0,3.1810904979802435,1.0,2.048544765351435
-29.250437413990436,1.0,-0.5369533058314655,1.0,0.393337248145853
-9.210063718192107,1.0,1.3645810327250325,1.0,0.23869411392893766
14.932160635890115,1.0,3.165527883038197,1.0,1.5935546745710085
21.435870090815833,1.0,1.4858769871196604,1.0,-0.42948043630662464
6.832378752145704,1.0,2.0997332624049188,1.0,1.723494965387806
10.283488920743443,1.0,-1.1882611391677347,1.0,-1.5094110382298636
16.699396830033212,1.0,0.20572128291714997,1.0,-0.9675002807798101
8.127964217725687,1.0,1.8481514498496987,1.0,0.21899089268338415
21.297915541184963,1.0,2.4528841770650804,1.0,0.755849738702136
-9.987760272262781,1.0,1.7767750758864347,1.0,1.1904998229473416
46.74674539414087,1.0,4.48930632325713,1.0,0.3564951485239266
-4.9219419157383255,1.0,2.6420087833407098,1.0,1.5495677021617305
-2.912790232675426,1.0,0.6344262968209562,1.0,-0.6232407225216703
21.21812193249625,1.0,2.9073944031105663,1.0,0.6330113372875966
23.53336390869906,1.0,3.8808994758833393,1.0,1.6661790687144675
-17.140782307224413,1.0,0.8208090927383995,1.0,1.452818955932774
38.645043108707675,1.0,3.6192626560708105,1.0,0.4621965553428248
-17.126126144396043,1.0,1.266998090462898,1.0,1.3785403453333995
0.06488603978320917,1.0,1.5659643097183749,1.0,0.5859795567286396
-20.395107840764616,1.0,-0.9783668102087774,1.0,-1.313755718484527
31.211282354990473,1.0,2.439209125130156,1.0,0.003233613927357506
5.0280310488531805,1.0,2.007801505839595,1.0,1.3983924070930813
31.155782049819795,1.0,0.12036999120698177,1.0,-1.6872510330326478
29.37008690057607,1.0,3.793914377544697,1.0,1.3446787418665984
-14.135055160121855,1.0,0.8474485178619224,1.0,-0.020079785234192266
-11.13492157838685,1.0,0.7399211046555695,1.0,0.5296212837879126
-20.51174881801671,1.0,3.0945355915315513,1.0,2.0426000572070957
-2.6825565442645236,1.0,0.12115766064539041,1.0,-0.4551881305120163
7.858748105753277,1.0,1.0419807837185997,1.0,0.2330786203007256
18.79374773251177,1.0,1.844162615114501,1.0,-0.4491732865993429
-12.115745182414996,1.0,0.5261993922516297,1.0,1.5177752325945826
5.796046948303105,1.0,-0.9740924650150525,1.0,-1.6700214147591668
21.182721400597167,1.0,1.3515257323841796,1.0,-0.7132213882377992
30.92272134919972,1.0,2.3659869254909873,1.0,0.20264188832581528
-6.082471118924107,1.0,-0.9896400444531386,1.0,-1.7096097904595313
25.97874726442236,1.0,1.883965317315232,1.0,-0.15982604623826407
4.147674374066337,1.0,0.5666868652527476,1.0,0.17690303351973005
17.622180585679168,1.0,3.9772030802733473,1.0,2.4556482970429525
-9.719587109976015,1.0,-0.7160933443283174,1.0,-1.053762198630138
10.370538672503672,1.0,3.724456316211623,1.0,0.5490841978708763
-39.26072957346917,1.0,-2.505825180973799,1.0,-0.22650048987918397
-22.468905749549823,1.0,-0.871827577735403,1.0,-0.11408156350049922
-22.876475678734565,1.0,-1.0787691579281016,1.0,-0.20857594111532374
-11.325314478650316,1.0,0.12058962154238595,1.0,-0.3253052319386775
24.725546967624435,1.0,1.2184560339807144,1.0,-0.6019643069357278
-1.5654884332361512,1.0,0.8736723854584508,1.0,-0.004702073793290454
4.922116023556787,1.0,1.7478961428083148,1.0,0.6198524163562779
15.788641622937106,1.0,2.403012112281448,1.0,0.599873245227182
-3.1154579761855956,1.0,0.2878607678092574,1.0,-0.14332932032524806
-8.837466177439435,1.0,-1.7471564671641038,1.0,-0.8068375590692344
-6.344423563590521,1.0,0.8724827598700793,1.0,0.20811719934471964
17.03408685234793,1.0,2.5357432455050053,1.0,0.06010870160603888
8.522746855434338,1.0,2.135588734098405,1.0,0.6970289928176029
9.39577189731656,1.0,0.11383313838784725,1.0,-1.212077182723333
-7.547534210775132,1.0,0.6172110978006526,1.0,0.36289565766682974
-11.39953701897556,1.0,-0.30554700349507957,1.0,0.19145853517705635
58.43313159823438,1.0,1.8538122702239732,1.0,-0.7951967010356225
7.772091578050739,1.0,0.2942626154007941,1.0,-1.4304103773144665
-8.047821429897915,1.0,0.3349194781012388,1.0,0.6427927319252306
-32.68167246954566,1.0,0.23563633343534196,1.0,0.5661195364388826
12.492172988144285,1.0,1.5839089099720267,1.0,-0.19363361246772115
-7.3360909665421845,1.0,-1.5402216877374832,1.0,-1.5427408696661495
12.991338910267261,1.0,0.46066470612185917,1.0,0.2638593843927135
-0.7245653440203847,1.0,3.173150075732226,1.0,0.975509283551047
-2.753156093880911,1.0,0.8637947809114095,1.0,0.9164932631783401
16.676009435142117,1.0,2.362200229408798,1.0,1.4847095572939266
10.97529699927506,1.0,0.004950944911206401,1.0,-0.4963672367278963
-3.9968659271819353,1.0,0.7110688101243675,1.0,-0.9232222766002744
3.129854162150475,1.0,1.3527399194353718,1.0,0.24159478781459398
-9.775616432513512,1.0,-0.8865388082026961,1.0,-1.0096695253861645
44.90309752293803,1.0,2.103995017076977,1.0,0.1438632893309163
9.674434737032636,1.0,2.287631854613207,1.0,0.5511583467908269
-0.5422872816106126,1.0,0.8103033178750889,1.0,0.8918348376591287
-0.8352408769167345,1.0,2.411554964336396,1.0,2.1778335052457907
-12.595694267243827,1.0,-0.23671466166135358,1.0,0.11692373949347407
12.415294478906246,1.0,2.3239939099298152,1.0,0.7881381541096795
7.323104358832438,1.0,1.3220040557474695,1.0,0.14746995140111996
5.3141478703473215,1.0,0.831051124528311,1.0,-1.4492407873832365
-1.8675485308220185,1.0,1.652971394197779,1.0,1.4980580338947576
-28.67855499374652,1.0,0.6031358075996316,1.0,-0.09999402399539561
0.9426143327673251,1.0,0.17943890895931858,1.0,-0.4696247326845012
8.678857263380824,1.0,4.065401239397953,1.0,1.5404535766046674
32.57582272109478,1.0,1.9947641252489983,1.0,0.05727983931111733
-17.150271533079863,1.0,0.06617107050802828,1.0,0.5333303799566981
-6.834664709163258,1.0,-0.722346166506711,1.0,-1.066729250185506
-22.926959766370924,1.0,-1.3873444649768853,1.0,-1.1174744018226093
8.962667507315189,1.0,2.392186080854305,1.0,-0.25511034431161056
3.4552420712042498,1.0,1.1076504000316358,1.0,-0.16639069660629902
-8.218042971761495,1.0,1.5024494290083088,1.0,0.688719826414229
-5.5402842263015355,1.0,0.34939248480351165,1.0,-0.23234797597508142
-9.478464323745406,1.0,1.243074644128448,1.0,-0.22334393592787571
-0.44455453557155744,1.0,0.2661179726738129,1.0,-0.1440166766183801
26.524939227605465,1.0,2.2220996836266123,1.0,0.24111005170192248
1.074246504316356,1.0,0.11651451197945678,1.0,-0.39522035767132013
-19.516093385259328,1.0,0.5555244339528154,1.0,1.0693818508515796
-14.636613536528671,1.0,1.7909903205599336,1.0,1.7574691348569351
8.78315723033404,1.0,3.0578324911786643,1.0,2.59221182202619
1.6626033299150702,1.0,0.34689575230644326,1.0,-0.6915599393852081
-13.504773472161332,1.0,1.3180352652674419,1.0,1.0760385679690632
4.328420913228143,1.0,1.0965193396184305,1.0,0.007698516353764274
-15.723345827680934,1.0,-0.7886362448268103,1.0,-0.3220974735681624
21.38648306218873,1.0,1.560867892018165,1.0,0.34049829700873524
-2.183798433185319,1.0,-0.021373419986245867,1.0,0.6219339618815009
-24.48597528184965,1.0,-0.36920323170472713,1.0,-0.7616467986323765
-16.11579852394886,1.0,-0.8428229416963956,1.0,-1.2220857266163554
18.61929097571035,1.0,1.051761583253703,1.0,-0.720183160081379
-4.8076486505248095,1.0,-0.23901596291617205,1.0,-1.2494356139779006
-8.138524698487078,1.0,0.8355430358480366,1.0,0.34527766301549623
21.653147439304817,1.0,2.980411156159718,1.0,1.2003403785411362
8.402953191420057,1.0,2.037854312400717,1.0,0.3255267564099252
-21.369259931117533,1.0,-0.7579350423802976,1.0,-0.8304755039153491
-9.029103481878057,1.0,-1.5831201482854496,1.0,-1.309132910389018
6.11086454779923,1.0,0.7322288816375094,1.0,-0.820362027228674
20.91641608248876,1.0,2.2155862371113066,1.0,0.21462595177519112
11.750436436359665,1.0,1.905680878986557,1.0,0.8444050031835282
-16.1328059875563,1.0,-2.519578241727935,1.0,-1.7300686902902076
17.764364060165402,1.0,1.7077912483386428,1.0,0.17967065757698147
29.842742082647117,1.0,1.8350554511743533,1.0,-0.666779138638635
-5.560227867552248,1.0,1.0761466354586047,1.0,1.1775145797941244
6.955512669095262,1.0,1.2637858252835494,1.0,-0.2720124365332588
4.120305067272845,1.0,3.448710799078979,1.0,-0.02725747786396599
2.2871345406682817,1.0,0.4116644686709104,1.0,-0.13911553240731664
7.532474349423419,1.0,0.7848765365668711,1.0,0.2094274904152315
11.637984149018955,1.0,2.09060796781081,1.0,1.0331452088837003
-15.77864342120474,1.0,0.2556890239502829,1.0,0.48187419029036505
-8.85045123980034,1.0,-0.2893410699692597,1.0,-0.40555695567069205
-16.19621612333424,1.0,-0.8003403984706948,1.0,-0.20735330829758766
7.958656247455508,1.0,2.490058983213174,1.0,0.7936522105466266
5.384781560384293,1.0,1.7825257209128669,1.0,0.269625283100714
-6.374761963288249,1.0,-0.5082841229826307,1.0,-0.23333187674297018
-9.547962576632527,1.0,0.03648056314740167,1.0,-0.4288112532610428
-17.05246480405548,1.0,-0.16511057411427799,1.0,-0.6481033075108065
9.570446238157173,1.0,0.7577930599160041,1.0,-0.37919223105362393
-7.616937112165021,1.0,-0.8762259084916084,1.0,0.5976960704378592
-5.99566419230489,1.0,0.7708408776315812,1.0,0.17734594937697937
-13.638428421803088,1.0,0.44037371672314907,1.0,-0.18491496388524334
14.341734532121126,1.0,-0.3324660276701752,1.0,-1.4425140444028568
9.241919696102386,1.0,0.8634545793918601,1.0,-0.19997716816152883
-9.294884170140143,1.0,1.7219858230627043,1.0,2.621332800806956
19.598532775391227,1.0,1.9019009159603941,1.0,-0.38970868791552604
-3.368655952460866,1.0,0.5978321575170433,1.0,-1.4865850477389426
-13.040340770591548,1.0,-1.0020997477785474,1.0,-1.0105334022490244
15.170720890986598,1.0,0.7766531239097625,1.0,-0.715234644826528
0.7509802323761092,1.0,0.30060960058353836,1.0,-0.6465406764047297
15.341973694929363,1.0,2.534458373772467,1.0,0.897782005348758
35.835617825915364,1.0,2.711658426904339,1.0,-0.06445215444545326
42.293493457081226,1.0,4.224080175119278,1.0,2.021160732449175
25.88824824932704,1.0,1.758578062941465,1.0,0.717139152423924
-3.857081698858529,1.0,-0.10496210182582222,1.0,0.13430174100162764
4.583917076612096,1.0,2.047624718935782,1.0,-0.02582980843737275
25.98236953789088,1.0,1.4761703197334946,1.0,-0.4921503396338338
6.7082815742344595,1.0,2.194092491335976,1.0,1.0012399411226605
-16.943541005157375,1.0,-0.4860215292365285,1.0,-1.357735142769766
-14.825758326145344,1.0,-0.32975769594795423,1.0,0.5333263726060716
13.866269523065682,1.0,5.044353710257914,1.0,2.633026026527394
16.22616145729453,1.0,1.610132987460596,1.0,-0.14905779754813206
-9.881325334423092,1.0,-1.5812070954514863,1.0,-0.8120226174651907
8.887929371621002,1.0,0.7021090874802728,1.0,-0.7689740413311605
18.586097850480154,1.0,0.20566052932963538,1.0,-0.6011704611906769
12.423747698114614,1.0,0.6012950674557748,1.0,-0.5047070727949137
8.487701913110282,1.0,1.8913682263954077,1.0,-0.06158174927617756
-2.357898709833158,1.0,1.678442989419734,1.0,-0.33803227323291746
13.94985450896835,1.0,1.3638699903465827,1.0,-1.4209023754975512
-3.871380189486289,1.0,1.6325443349907558,1.0,1.2849918144898456
6.790845741324201,1.0,0.5792200934679428,1.0,0.14172036099233742
30.205172437872303,1.0,3.559531394774446,1.0,1.536766622261599
11.710407315321923,1.0,0.02932306404268409,1.0,-1.2030277533496054
-29.203427985409334,1.0,-1.2927901736836376,1.0,-0.483187976473832
-7.428035895852091,1.0,0.6392788882588907,1.0,-1.2537477646168282
5.035236600072484,1.0,-0.6739070299292447,1.0,-1.3220392753874954
-8.676599549760178,1.0,-1.5742453527627567,1.0,-1.5505058184557308
19.890381481435995,1.0,2.908096030220439,1.0,1.0214740325522436
32.774427331167615,1.0,1.5170283835426295,1.0,-1.0593567479373673
-2.206612712663312,1.0,0.7805351446960841,1.0,0.23835293532548837
-7.68747006065022,1.0,1.7175000911321883,1.0,1.251392876355798
2.016838317714255,1.0,0.7634510585661436,1.0,0.9553130602300042
6.954716254889773,1.0,-0.9672473456278994,1.0,-1.5185960321400789
7.2463979358804895,1.0,1.312628165985152,1.0,-0.00012338685866450404
37.43431316392274,1.0,2.2947527800247096,1.0,-1.2201209394760266
-28.165772945423285,1.0,0.5659776557212446,1.0,0.5869273246057144
-8.831033839217007,1.0,2.4922068976481864,1.0,2.5201862308524534
16.13132878117297,1.0,3.3681560031595694,1.0,1.8969252927551916
24.35231708633038,1.0,1.0339922270112454,1.0,-0.7757208602145639
-20.462365159569785,1.0,2.5420755002418978,1.0,2.217278685816906
-4.7277250073442305,1.0,0.1734639932675096,1.0,-0.3006777242164751
-5.137396382657148,1.0,1.3427493674095707,1.0,0.9334771926911632
19.80559190778915,1.0,2.0556087510228385,1.0,0.8078450191728876
-23.785035956056422,1.0,-1.6286851025452094,1.0,-1.343802188107235
-17.953909713746125,1.0,-2.01604067272909,1.0,-3.0538663201688574
-0.07840058921810433,1.0,0.10422753949006724,1.0,-0.028705234912993635
-2.709994634819637,1.0,-0.6128404924907896,1.0,-1.5876049486508215
45.62182027923464,1.0,2.111022432004928,1.0,-0.22407949735513885
2.246359505651921,1.0,1.9847257409254007,1.0,0.49462202195843485
31.346927006010215,1.0,2.8519966990105137,1.0,-0.06282182566801638
-12.728932543578077,1.0,-0.3717525751146453,1.0,0.2492149313295219
11.060514360878969,1.0,1.4556338990136497,1.0,-1.0941042320881305
-38.8842438508952,1.0,-1.231255480419938,1.0,-0.9847468670616225
-7.4060706619332395,1.0,1.2634661659559066,1.0,0.9777170707418584
-2.117500727335919,1.0,2.1997368223840024,1.0,0.43096489605900545
4.468955904847493,1.0,0.5435743619969694,1.0,-0.6131015940854462
20.93629232218928,1.0,0.539227718825603,1.0,-0.5000069656086001
-1.5556516737009363,1.0,-1.1879621133180758,1.0,-0.6971407343955329
-6.311262236425715,1.0,-1.6525875699313501,1.0,-1.8236612594410597
-17.619553346317588,1.0,1.9999336333004998,1.0,1.316876454928669
4.64121859067334,1.0,1.4665214773417241,1.0,0.37311109746814414
-10.632768806332697,1.0,1.3789560251630357,1.0,1.1430961884581674
-24.039144217865204,1.0,-0.7466736736760567,1.0,-0.7674312246180283
-19.631195744457504,1.0,-2.53430433901462,1.0,-2.4334743219086317
2.649145593085442,1.0,2.553548099166987,1.0,1.461583255970245
17.682258541271516,1.0,2.4105203086953946,1.0,1.1496474118582027
-4.522997620523685,1.0,1.286688500599905,1.0,0.13702104948414826
-27.438355383128382,1.0,-0.08362499097406095,1.0,0.37033181895202405
10.216473850486075,1.0,3.288295871494802,1.0,1.637205044750436
20.989559177968783,1.0,1.1585125596235315,1.0,-0.05924033776789092
27.944749094861407,1.0,3.699992786173088,1.0,2.0709310903182603
3.6459400053134923,1.0,2.7704446207580875,1.0,1.3995025484910766
15.545572796425457,1.0,2.3273879000754905,1.0,1.0803229420451048
13.640752926324692,1.0,0.11093487050887085,1.0,-2.2793560283486225
-5.814617302090401,1.0,0.21382957454954243,1.0,1.061285861250943
-8.853374221932977,1.0,0.4232740151887664,1.0,-0.28029400389951414
0.470719298670252,1.0,1.4270642796472366,1.0,1.9341180421934068
-1.3342895378159338,1.0,-0.7751499353187965,1.0,-1.3478012813750935
32.30642639259608,1.0,2.037284150603738,1.0,0.27067745310569674
9.058946359671248,1.0,0.3597480405343266,1.0,-1.0200767757035567
4.641988052114088,1.0,1.7087932451792982,1.0,1.159271861221803
11.978087598370374,1.0,2.0075492537334583,1.0,0.12182154542021482
-14.574407517196615,1.0,0.8816553027918255,1.0,-0.578068556706167
15.797955744481058,1.0,2.7008167599256523,1.0,1.3013813238771919
-10.608683953675563,1.0,-1.5713377009006977,1.0,-1.2796339504729828
-9.097920109529051,1.0,-0.02636265769260482,1.0,0.8705140063365189
29.778936984126272,1.0,1.9612502743751214,1.0,0.5521381902758533
-9.06014458026387,1.0,0.08531313608689928,1.0,-0.131110706699812
8.215930912307392,1.0,1.0093111575043556,1.0,-0.788219244305615
-4.883183752083381,1.0,0.6613615485784877,1.0,0.6554517170647328
4.6024763098400525,1.0,0.3200358284620958,1.0,0.2500417069299714
32.132287281227164,1.0,2.5997657917230184,1.0,0.433952431131891
9.459401508169462,1.0,1.6026990055829256,1.0,0.0726667876764842
10.33196207409954,1.0,1.6308794688819424,1.0,0.29954857752459063
-10.24740364703967,1.0,0.7787318920910404,1.0,-0.3348910857943102
5.283496424697073,1.0,1.9956698877120163,1.0,1.3843347565909385
-5.129117120132147,1.0,-0.6778346730782896,1.0,-0.7724252996878536
26.484775006648483,1.0,2.354513183729776,1.0,-0.000770521830893527
-1.3228719592803815,1.0,2.0673115295688316,1.0,1.0279841846894469
-39.18717351782976,1.0,-0.9428141362083868,1.0,0.1621241779819995
4.115490354657417,1.0,1.260847068385642,1.0,-0.36003509092751973
7.37324921585082,1.0,3.4480185858273322,1.0,2.29521208713385
36.84879776783881,1.0,1.24941133038432,1.0,-0.28672934236220915
5.748539500998539,1.0,2.8135027088348705,1.0,1.1366277617540306
-2.6228483728201075,1.0,-1.8011215892671053,1.0,-1.2645972759329067
21.142644850472838,1.0,2.2000199060320105,1.0,0.18705879337913134
16.004925806399044,1.0,0.9035384387702627,1.0,-1.1457642474438943
27.0298466256461,1.0,1.6394745829844162,1.0,-1.2779748013053842
-11.822582186696632,1.0,2.018285981507067,1.0,0.5195814238534525
5.689551253215564,1.0,2.2434567648187107,1.0,0.6946163309101717
-2.3802235813064074,1.0,1.166069557597067,1.0,-0.7315760489888374
18.188238637634466,1.0,2.8894753732719076,1.0,0.8416237368920523
15.599021318922446,1.0,4.187269042359878,1.0,2.073385974083041
-11.887428706340666,1.0,-0.6318145021670604,1.0,-1.0716707089891921
7.770832031846785,1.0,-0.9792670344976305,1.0,-1.4535739049258687
3.0899644497004504,1.0,0.5921754410660359,1.0,-0.46426309104146934
5.99883505820658,1.0,2.969292010085295,1.0,1.518021706440318
1.7753247926012623,1.0,1.981052535482257,1.0,1.4214444702680584
-5.237917240586135,1.0,-0.11341998601554004,1.0,-0.11946915332606255
3.8553937709862742,1.0,-0.02795295039575757,1.0,-1.2392762129298962
-7.674022132379019,1.0,2.6333550218899022,1.0,0.7055475326681915
6.557935743613519,1.0,1.4672470636179562,1.0,0.6927392278530774
6.809328401344979,1.0,-0.1497929293736926,1.0,-2.230843605794868
0.44167578532017004,1.0,0.46829007988222315,1.0,0.04882449767039902
-27.578250242826236,1.0,-0.2944518947608843,1.0,-0.7086043151389586
-17.149621579388416,1.0,-0.543512409972742,1.0,0.16561224269094837
-4.766816535197464,1.0,-1.3088698316966294,1.0,-0.5642679138255842
15.242486452329384,1.0,0.9582977875358581,1.0,-0.5968330850798937
-11.185190565652857,1.0,-0.25609858447459777,1.0,0.3783807265798802
35.34684723301399,1.0,2.471813685925728,1.0,0.11578265296411225
5.949781271685182,1.0,-1.1498293065627103,1.0,-2.4676147366279437
-1.3957754903318413,1.0,1.7380000508813542,1.0,0.9285451574018335
20.611078554449843,1.0,0.9017829699832655,1.0,-0.7263937392976723
12.523231133508803,1.0,1.029432812888759,1.0,-0.2943416798716703
7.509358191375335,1.0,1.4632360621759832,1.0,-0.6813895114319494
-7.255863091123964,1.0,-0.14384650177580527,1.0,-0.5911439698333028
-8.617745575207163,1.0,-0.1160483645522587,1.0,-0.6871948452563813
-8.357519190944519,1.0,1.5974985972196634,1.0,-0.13986147962183215
17.645308351189776,1.0,1.5097764233090034,1.0,-0.3938982238228568
0.5813819651875045,1.0,2.3324212067394323,1.0,0.9931240348697021
17.417816310496974,1.0,2.7997997572554327,1.0,0.5627704039751654
18.435348587867733,1.0,0.4999921437711518,1.0,-0.3292913863268747
33.45033207912629,1.0,1.7114396113620889,1.0,0.36614134369825935
3.826527306319734,1.0,-0.43399697297662665,1.0,-0.8379625806890051
-27.525543224682668,1.0,-0.07444008449060524,1.0,0.8010807236463449
31.55509366910923,1.0,0.993991021391024,1.0,-0.2999599348431766
-10.7616051239408,1.0,1.0786515684425098,1.0,-0.49890027541154314
2.2444808659895377,1.0,0.2744105070880993,1.0,-0.8168104800382912
7.427109409130411,1.0,2.621913222455362,1.0,1.0213383472559863
18.06072462490266,1.0,3.0957987841311265,1.0,0.39528822272834946
4.110661941903738,1.0,0.8347891085464206,1.0,0.10765450347441101
-10.520129167268252,1.0,0.4934852225508392,1.0,-0.9916292948330954
-10.083091696121489,1.0,0.8716425884819168,1.0,0.6495151099895127
14.725037427853243,1.0,1.2036799870862034,1.0,-0.6266879370363618
-0.5525019488526759,1.0,0.2699144920826999,1.0,0.6895441024219643
5.746934008264848,1.0,0.49403727612779824,1.0,-0.10659046462561489
-20.575678578988324,1.0,-0.09999975896931013,1.0,-0.12289957126861506
-6.287169957049959,1.0,1.427037156474578,1.0,0.3712056397506327
12.650613168312887,1.0,-0.26285294424335415,1.0,-2.015860379495534
-27.896520618589637,1.0,-0.6681433636504409,1.0,-0.5898872446565936
-23.137766823035673,1.0,0.808955647077298,1.0,0.350887154476993
12.819739786907974,1.0,-1.6253472820985873,1.0,-3.067603727086631
-8.827249349880919,1.0,0.3695832128358826,1.0,-1.3989972800049164
2.9020941538609764,1.0,2.2448856094428944,1.0,0.9470805504298814
-10.146179814169654,1.0,2.1114995611082206,1.0,1.821209755363144
4.877262761315249,1.0,0.752719584976954,1.0,-0.9101894085972563
-19.238066518597222,1.0,0.534722670215155,1.0,0.14107241018322836
-3.0023245273827577,1.0,2.458165763601575,1.0,0.629699541453269
-16.950230024125645,1.0,-2.46124996166261,1.0,-2.576570601908142
6.456052601232638,1.0,0.6553023201583944,1.0,0.326618377167381
-15.167405826406133,1.0,0.4625042957153582,1.0,-0.6380896510234287
13.926180641136877,1.0,0.8284970994783744,1.0,-0.48189538167193363
6.357251267426943,1.0,-0.21117116777099576,1.0,0.47251373640980987
-7.353089974306188,1.0,0.052811444358831894,1.0,-0.7308385390918474
15.440525184770738,1.0,1.3462288524490025,1.0,-0.21129380961605393
3.511276653841282,1.0,2.1000000539428845,1.0,1.2973587897158958
-1.7692965009173665,1.0,-0.5700601496209926,1.0,-0.4382771454406599
35.72840361501703,1.0,1.8367579460438972,1.0,-1.6508157529524066
-4.327454747915945,1.0,-0.17157751713553854,1.0,-0.8100482572268343
40.57398718950098,1.0,4.463121045733926,1.0,0.9508603608467338
16.29128761681031,1.0,3.1270051265822403,1.0,1.1182093483371827
8.871350775938465,1.0,3.1175245258451323,1.0,1.4551749746622058
10.892748714485824,1.0,2.4216052169931057,1.0,1.4832679673216558
-34.920058154592944,1.0,0.13582010095653851,1.0,1.2162960689289017
26.589675354098176,1.0,2.210032675990758,1.0,-1.3827656640724624
2.4197378336384574,1.0,0.9876715196510298,1.0,0.24285860767691095
-9.313898559548566,1.0,-0.22983469048290317,1.0,0.516067994506641
-10.993599463593412,1.0,-1.078807607724905,1.0,-0.09732792452783456
13.943547796176944,1.0,1.720750414824202,1.0,-0.21099857720569523
-4.850306922456653,1.0,0.6042435892093774,1.0,-0.14623130187193484
13.935234623987984,1.0,1.0433919386878157,1.0,0.04987955795097739
18.80133536741103,1.0,2.0197105584062713,1.0,-0.42282301140893547
18.48826942477285,1.0,1.1642739880069004,1.0,-0.26533856837528186
2.1821359027705762,1.0,-0.06293949614300143,1.0,-1.5653059454493796
15.466808467366048,1.0,3.276428816710795,1.0,0.564324267934383
8.51751884447441,1.0,2.617922314030598,1.0,1.3211277837971582
20.27246566164845,1.0,0.5741176900991445,1.0,-0.9226917601874871
7.6130359086321455,1.0,2.3017732162672377,1.0,0.1628820455204167
-31.767376245098337,1.0,-0.9531076456760474,1.0,0.136808787755995
10.23460687758635,1.0,1.1552160764784332,1.0,-0.9969521925857868
-0.886279695001672,1.0,-0.49505068602325686,1.0,-0.20543174567702577
0.9770799139327075,1.0,0.07488570455317778,1.0,-0.05463533871934027
-6.357467218471239,1.0,-1.05840645154792,1.0,-1.3742033675200374
27.075833402358814,1.0,3.7494432748988125,1.0,0.8496725522876184
-17.51892380934764,1.0,-0.09372726464560854,1.0,-0.39683877665958806
0.8102547539411729,1.0,0.23154939491608917,1.0,-1.252921011040448
18.953807944475187,1.0,3.2297523064744,1.0,0.8198701881499251
-19.871376345858486,1.0,-0.0238738595264939,1.0,-1.759086264308679
10.842117340685139,1.0,1.214699174913466,1.0,0.10416671864932023
-10.689332420747652,1.0,-0.17435188674473134,1.0,0.8347001952286905
13.978026761149824,1.0,1.920983280037546,1.0,-0.16682710326046468
-1.4722171194243163,1.0,2.0159028982433256,1.0,0.005586005828765903
1.5916248627454994,1.0,1.9641937725194163,1.0,1.4649708498306842
-17.93719618741562,1.0,0.1448102502437575,1.0,0.0602833859538069
-1.1474448914422126,1.0,1.693821407280361,1.0,0.863105821699444
11.743317376669278,1.0,-0.6160332199017144,1.0,-2.1806180458828464
1.9961172597488765,1.0,2.1102189964879603,1.0,0.3079545429050591
-7.844981132073656,1.0,-1.1604962078255525,1.0,-1.0524089372133922
-5.662943598232998,1.0,0.3838793832837559,1.0,-0.7246783685318509
-16.79162690032143,1.0,0.4346544688509897,1.0,0.37147020481560367
-18.658224866360452,1.0,0.37810706362695545,1.0,0.23086621855932274
-4.044053551958485,1.0,0.2179326326001374,1.0,-0.2595578504593542
2.4622145619352294,1.0,0.8898178624347589,1.0,-0.6203045625209116
-7.227730173060136,1.0,1.1007391565871592,1.0,0.61835101868553
8.624267313189048,1.0,0.14086601879801477,1.0,-1.0165818321769342
-31.60594637168996,1.0,-2.1956729204447956,1.0,-0.9350137033050862
11.131015138279253,1.0,4.5190671996961775,1.0,2.213201612342794
-20.57783855441691,1.0,0.4595094962337435,1.0,0.38082874999761657
20.209980794962064,1.0,2.4972907836857887,1.0,0.27832470036119356
6.45741042007946,1.0,0.10534347285256584,1.0,-0.3338897013927882
-11.732535582285145,1.0,0.7415041564038656,1.0,-0.11430273743202293
15.572783975451568,1.0,1.9691857995412616,1.0,0.21028778300995496
31.090412100378227,1.0,2.4650135868155854,1.0,0.9247208574295342
21.035894543020866,1.0,0.6586941252176788,1.0,-0.2921732898434448
15.092303645659996,1.0,1.871720107114141,1.0,0.4800115541643159
19.764794176968515,1.0,2.4842996070051955,1.0,0.9385052425108457
-13.010095944754942,1.0,0.21693423885400076,1.0,0.5762798384736203
-13.986758127038158,1.0,1.206355256422866,1.0,0.07462709508500258
7.21886183363827,1.0,2.3382769371182843,1.0,0.8541632768333592
-11.576205337530958,1.0,-0.9924005304591881,1.0,-1.5128891993869351
-28.064960057720562,1.0,-0.6638608000734905,1.0,-1.1476912674144706
-3.2659547616782127,1.0,-0.3388131263022548,1.0,-0.738421161860351
5.824705786515758,1.0,1.7466182209273748,1.0,1.2618806017847846
-19.694988838779437,1.0,1.045584615905871,1.0,1.6622474792536626
-34.69116932834415,1.0,-0.9300172511742969,1.0,-0.4198626325456464
1.488885769014251,1.0,1.220058988894792,1.0,0.14661082385668983
-8.528547992161961,1.0,-1.3302966933146985,1.0,-1.1460505352693429
12.759622011349721,1.0,2.387305963178382,1.0,-0.34212975205946683
-16.64622879394084,1.0,0.24611086572649998,1.0,0.1811611258161113
7.548976332044686,1.0,2.404164873364573,1.0,0.12154490048997796
-2.799920100714318,1.0,1.0809499296912928,1.0,0.5343869410166929
4.577379432872849,1.0,1.9680460673909301,1.0,0.9937440584683915
-5.279567821239278,1.0,0.7011974053295029,1.0,0.43921352208162384
-17.319627293480355,1.0,0.7356127259571603,1.0,0.661998468216678
-19.446827466667095,1.0,-1.4176973627141516,1.0,-2.662916747000807
-3.5150166729074988,1.0,-1.7320222548375743,1.0,-1.4904893893229745
33.44630998235946,1.0,3.259183362246693,1.0,1.4888521478412566
42.952981661743024,1.0,3.491110339670629,1.0,0.9972605391071317
26.60413394036778,1.0,3.4100318759101182,1.0,-0.2894925282831195
-1.2130744723045017,1.0,-0.5265954487087425,1.0,-0.37882968215945817
10.016676774572591,1.0,2.8646116513893376,1.0,1.3331086720785859
-3.9375378842109945,1.0,0.7284085690636515,1.0,0.12260663095910952
-0.043264180756324766,1.0,0.1893307590263037,1.0,-0.22686170932186936
15.930708703014679,1.0,1.513712124895595,1.0,-0.15360725334451736
-4.525393506393731,1.0,0.08687522189016894,1.0,-0.9100451982910082
10.288683696734587,1.0,1.656496000905667,1.0,0.7073960444709368
-1.7129146623753613,1.0,-0.44166499234860457,1.0,-0.29621118504027144
-16.86792817831139,1.0,-1.278884483106646,1.0,-0.4962186696016081
31.157946811964575,1.0,3.830955311394153,1.0,0.8564577313678694
-23.091812500526004,1.0,-0.7140692598845226,1.0,-0.4994781764428971
24.202934291693868,1.0,2.3283390914793163,1.0,0.297847325156758
14.349318188920183,1.0,2.2606205657644955,1.0,0.9152442369865018
32.855306992451105,1.0,1.5257095055244072,1.0,-1.3795080960638026
-7.592739196383458,1.0,-0.1356692847926122,1.0,0.714963242810654
-17.881251044835157,1.0,-0.3152802038025004,1.0,-1.061093985834747
1.3858689492619043,1.0,0.6473170617638099,1.0,-1.141989748226201
-0.06382878733198094,1.0,1.0053536198703577,1.0,0.664009577291205
19.342933344643395,1.0,2.479990546258657,1.0,1.257229088199536
30.692060282816513,1.0,1.9463963968308577,1.0,-0.4852757274754558
18.387687564807955,1.0,0.705011913411308,1.0,-0.5543658586878222
11.661250168418643,1.0,1.5471652255520336,1.0,-0.6911659549913384
3.4680121098435537,1.0,3.182662145563902,1.0,1.6792496909088346
-23.142478145223915,1.0,-1.4366651387137281,1.0,-0.8896183794234719
-19.016178813251173,1.0,-1.1373463074685715,1.0,-0.686812960769826
-5.998339449893865,1.0,1.6005468037911288,1.0,0.5050802890693405
17.397468473447006,1.0,2.5261306968302746,1.0,-0.16377189125743014
-20.862532769124115,1.0,-1.2294916652459096,1.0,-0.4295138748616379
-4.90915464782269,1.0,0.16867685762962858,1.0,0.09134899736213237
3.097255167414434,1.0,-0.3439181917830711,1.0,-1.5915011057425463
-14.52515626651515,1.0,0.2305730617558568,1.0,0.24239774116553092
-2.85885416054444,1.0,0.569328812907988,1.0,-0.01569197894540735
9.339749907872179,1.0,2.833650797657969,1.0,1.5308754787850714
-3.361877222312618,1.0,-0.3581382056939258,1.0,-1.7608542552899986
-11.398088122429083,1.0,0.18295172424662165,1.0,0.293841198239041
12.962130881702608,1.0,2.189784344483268,1.0,0.9726005014643403
33.104002238968405,1.0,3.0200589896185592,1.0,-0.00257627677303543
-24.97603196762735,1.0,1.0220075187426856,1.0,0.37793206830317
-1.0688442557938107,1.0,-0.19133189452538235,1.0,-0.29509838020952156
16.2592548720734,1.0,2.0331451955446918,1.0,1.2453753666201894
13.80749880451456,1.0,1.4041069249415559,1.0,-0.13948425902560796
0.20421349460602656,1.0,3.373289529560142,1.0,2.0546159436017444
0.21063069224444764,1.0,2.050859915660764,1.0,0.6245153488768196
-5.342657029153269,1.0,1.6207412974251554,1.0,0.7621032817160556
0.2932212525830593,1.0,1.3666454958012872,1.0,0.5551297184372412
4.018374852978425,1.0,1.4656576431706663,1.0,-0.49995501790149305
-3.5246352047064033,1.0,1.322375566679139,1.0,0.8269489816064121
-4.401088848804903,1.0,2.060400838851356,1.0,0.5957841709570897
-14.320393742154774,1.0,-1.6883500784963816,1.0,-0.45209613303813695
-15.94397320550889,1.0,-0.012171630405189315,1.0,0.17293932519415522
-9.029726684306834,1.0,1.4427118465693107,1.0,0.4654683975099503
-0.3398925882838555,1.0,-0.21634520315674854,1.0,0.6464591994587583
5.103732438406826,1.0,0.31073473342188,1.0,-0.4350906253394657
-30.320381269076368,1.0,-1.1635722754234759,1.0,0.008923151317675982
-4.745322204856328,1.0,0.1566165251264758,1.0,-0.8438748421314134
20.813501410617558,1.0,2.7276231389036023,1.0,0.9255514833279567
0.36518706474584306,1.0,2.3528080596247656,1.0,0.8373236432262019
-9.727798065097506,1.0,0.35023470265622114,1.0,0.5677841111665606
-8.740714722860181,1.0,-1.4339350993970708,1.0,-2.311988547208593
21.001576935754343,1.0,1.0523055103453793,1.0,-0.10957693596967955
18.40269426854984,1.0,0.9978546334358149,1.0,-1.6708651570194388
-2.8217486588959586,1.0,2.607935182399714,1.0,1.1912627761655752
-5.454019009184422,1.0,-0.12961165137959468,1.0,-0.7429483747653677
4.292062464975011,1.0,-0.4862012882586372,1.0,-2.167485163501792
22.999259435510368,1.0,1.2123664373423544,1.0,0.038728404578770304
18.95944267451766,1.0,2.224934122310148,1.0,0.1302231420711513
-0.013361981456968541,1.0,0.21342238811292358,1.0,-1.7036888618428843
-4.0430940636797965,1.0,0.8307209470316765,1.0,-0.10085276652405191
-3.7210140678683308,1.0,-0.03883071010626826,1.0,-1.4013419126493325
-2.3531136592704205,1.0,0.8885263525348612,1.0,0.20919208271727138
-12.419664275522816,1.0,0.7520228485066229,1.0,0.47707077300499723
23.4360558872183,1.0,1.288127903696033,1.0,-0.009148433695055367
-0.8605816304931844,1.0,-0.8749091944933747,1.0,-1.4918375960725785
16.5613581832701,1.0,2.0499528951642034,1.0,0.04641374884487857
-4.637045421988084,1.0,1.6638328325659903,1.0,1.0708340034330233
-29.164882638636655,1.0,-2.287101541881268,1.0,-1.7085567158564292
29.30316812227818,1.0,4.169053414161469,1.0,1.4834270516001433
-6.509816804887643,1.0,0.5911119628044772,1.0,-0.7893742198686607
-21.35726269308865,1.0,-1.0187684137118278,1.0,0.13020845672105466
-7.918823577223869,1.0,0.8906126331457993,1.0,-0.7071383250579485
13.113481681646213,1.0,2.046885784140592,1.0,0.525359154873002
9.347834902993377,1.0,0.7868491776625164,1.0,-1.6797246423659797
2.5187149683641987,1.0,-0.033486853257241406,1.0,-1.0664291493740532
11.073301128978546,1.0,1.5216561953178873,1.0,0.6946530866445437
-0.2165840146187712,1.0,0.8136111838617995,1.0,-0.5133744599929476
22.013226711485167,1.0,4.557948730485286,1.0,1.687969505388976
-24.510496721624055,1.0,1.2632777701588078,1.0,1.6145247582687838
22.815879617040927,1.0,1.880433831840636,1.0,-0.5411982741552587
33.36058576547321,1.0,0.5284076972479891,1.0,-1.3262270478904112
2.9987813028803587,1.0,0.06477100806318392,1.0,-0.28547233457029647
13.155192437852374,1.0,2.918011503315667,1.0,1.6349713300231197
-19.897824661795923,1.0,-0.8921458235012788,1.0,-0.9950165957241254
-13.726327757839343,1.0,-3.12994560402658,1.0,-2.437869685079538
5.770781427847206,1.0,-0.32244613743109113,1.0,-0.9749468181693373
38.571908037345004,1.0,3.0235045958010853,1.0,1.1392502007693854
-2.9003601860187427,1.0,0.2377730685722238,1.0,-0.22367509108594105
6.378259940665767,1.0,0.3152707543241726,1.0,-0.02100237146602707
12.800932427587771,1.0,2.83667763911353,1.0,0.7258468290448858
-20.771147577434,1.0,-0.23639480276185515,1.0,-0.9300860293691638
30.430204043675747,1.0,4.610701169432865,1.0,2.342455150610092
1.3119313361725844,1.0,2.4463088881738626,1.0,0.7242432127963588
16.588683012496194,1.0,1.1305195360715499,1.0,-1.1004497078907565
1.2923039955906923,1.0,0.39097140894363624,1.0,0.5870655820535012
-14.961761076689971,1.0,-1.9016971702420382,1.0,-1.7999679821024983
-3.0926674343025278,1.0,-0.18267061659854322,1.0,0.46673243017747273
-3.1019697342065107,1.0,-0.17090344881483713,1.0,-1.0625289518697691
3.563082220587419,1.0,1.3012128377567793,1.0,-0.4253615855086775
30.069843729912456,1.0,2.1622079594137826,1.0,-0.160698904913223
-24.442590598171197,1.0,0.4887518152476169,1.0,0.14102415582956226
11.0577872612973,1.0,1.1484417320926132,1.0,-0.5913887880761628
-14.904618424497853,1.0,0.06891865236038508,1.0,0.4192765616367645
-2.1601608846881604,1.0,2.1188283622188804,1.0,0.39322183360592866
20.531765199687847,1.0,1.295488762458367,1.0,-0.1024336663592444
-31.56869760972069,1.0,0.03974944339397801,1.0,0.9029707966320996
16.90336904610554,1.0,2.249143393645043,1.0,0.08917986741880402
18.937228159367525,1.0,0.29918412530234584,1.0,-1.1901242111379902
3.944800259960317,1.0,2.0377793387643273,1.0,0.2663863533964818
7.258154811178558,1.0,-0.1575857659573765,1.0,-0.6824667073766807
-22.28002657255411,1.0,0.7422888981877984,1.0,0.9226967150358015
7.99704245647626,1.0,-0.7232893390823233,1.0,-1.2217605718340963
14.684960801819635,1.0,1.7135464484173437,1.0,0.8186408765266351
20.673006228611666,1.0,0.4904456765409039,1.0,-1.356186561114891
16.8511307563118,1.0,3.358462491286799,1.0,1.6978232721015638
-5.910721394927611,1.0,1.3550543548776792,1.0,1.0352686653784053
-14.5199780995812,1.0,-0.1525173389604289,1.0,-1.1425870494526948
2.4824506012066685,1.0,0.9695187460785055,1.0,0.49236528403786617
-17.149079893889656,1.0,-0.18678382886765776,1.0,1.3753552557946618
15.305845649442997,1.0,2.0199821325074785,1.0,-0.4783151063995232
-6.384551585596286,1.0,-0.1668398964363771,1.0,-0.7845087148517962
23.70438397721353,1.0,3.599561338267508,1.0,1.9274974547901953
-5.321176894069461,1.0,2.6685246330939214,1.0,0.8510911335145704
12.464931221404001,1.0,3.4039874558092107,1.0,1.1322501964207135
1.624182944589099,1.0,1.0624244243309628,1.0,-0.09185630515138762
13.499942665680862,1.0,2.7340375207930143,1.0,0.9952907806693826
-22.627140189711298,1.0,-2.841597747866845,1.0,-3.3369888475651246
19.31244627989172,1.0,0.3294537468092493,1.0,-0.7422391069401791
-1.6628968401614903,1.0,-1.4241126302610656,1.0,-0.9077946494721284
-0.6425292131457683,1.0,1.813035714258199,1.0,1.31671908205854
-5.861333862211574,1.0,3.104839793129131,1.0,1.9168587168268751
-19.382519807386622,1.0,0.4560008253186635,1.0,0.2573279607960735
-2.640840974313578,1.0,0.23947308214356056,1.0,-0.44677544797974095
-0.22638222287201049,1.0,-1.333576390620283,1.0,-1.9003887746179324
4.816887186933261,1.0,0.19436310571355198,1.0,-1.5562551386543995
-18.468053487311543,1.0,-2.2301379875035923,1.0,-1.5931018832515262
7.026499747505465,1.0,-0.12954459732968995,1.0,-0.9734489019395227
-2.413597157457773,1.0,1.0687770698899326,1.0,0.49474733983636787
6.604072094750359,1.0,-0.13007097866433814,1.0,-1.0122716660167643
-1.234969709011497,1.0,0.9224875875429714,1.0,0.3125797688812137
-17.556874498987387,1.0,-0.9629047596075768,1.0,-0.11555987257870215
-23.67730401639268,1.0,-1.5019170869738339,1.0,-0.9003476387262721
-6.904031118610703,1.0,-0.21507829633307818,1.0,-0.7187770871579668
5.5010388355882425,1.0,1.7018136295440507,1.0,0.5627468317442833
-0.5494388955010603,1.0,0.9678891158474583,1.0,-0.46269184049067696
25.47107290359404,1.0,3.2498454318590353,1.0,1.1344821531879516
-16.883614767806833,1.0,0.5675837438766038,1.0,1.1642188748993518
12.22885486273899,1.0,0.41317010394757,1.0,-0.549010502809181
-2.9659524945530267,1.0,2.4630871669075334,1.0,1.4205579316418075
-3.2549396935166777,1.0,1.2050985359883015,1.0,1.3147140755287703
-20.302874952554305,1.0,-1.4729071498963666,1.0,-0.9831757045636197
19.681926476929156,1.0,2.0981229209431866,1.0,-0.0258641284929044
3.4797908633039616,1.0,0.21869645075723843,1.0,-1.8192394432482606
-32.418545206023126,1.0,-1.025646230779496,1.0,-0.17736762039649442
-3.0631378785079213,1.0,-0.6800784073121389,1.0,-1.0179903208909835
-10.130134892703763,1.0,-1.8259556006946898,1.0,-1.7204998177029953
2.6691942186709197,1.0,-0.6308547612474356,1.0,-1.0497824162088238
-22.600304325798305,1.0,1.0237226509743083,1.0,0.24755392533735388
4.135307181882356,1.0,1.543271159672059,1.0,-0.3414506557659239
1.0332149013787568,1.0,0.8806340912448342,1.0,-0.8109739005760339
-13.088084588134002,1.0,-1.074788078213219,1.0,-0.33360763971419566
-15.688638194634036,1.0,-0.2744761658423842,1.0,-0.08669793511631663
0.9693478118554353,1.0,2.0388233237126436,1.0,0.26155227774435036
6.098519662341572,1.0,1.8449876032335033,1.0,0.9197036043593156
9.114193005118548,1.0,0.5475004118275746,1.0,-0.5729394777907417
12.811960908329407,1.0,2.0554028651825376,1.0,0.1181405277533393
8.47097482984085,1.0,2.000548824466184,1.0,0.20552270891819763
-14.741388129414949,1.0,-0.9227149052687241,1.0,-0.19085804037589915
11.506154919245294,1.0,1.677938829962872,1.0,-0.3622549569736072
-7.326994811663452,1.0,0.9798051968962904,1.0,0.4476955361226126
9.371832443813942,1.0,0.09373184945381641,1.0,0.09078035566296155
20.518696564417247,1.0,3.858742302870914,1.0,1.4883035429013796
15.648576313254786,1.0,0.8772871569230717,1.0,-0.9860681832863812
16.913013337173602,1.0,0.09540801129362858,1.0,-0.6847831941320484
16.764160157018285,1.0,1.5386364678415965,1.0,-0.0670235357452164
11.916528782996291,1.0,-1.0728107661037498,1.0,-1.3555058041173975
27.78426318214563,1.0,1.7788803138098261,1.0,0.5980093870441545
9.827888185849083,1.0,-0.07139984707376351,1.0,-1.4816530173416609
32.75713051910304,1.0,2.541077599634516,1.0,-0.8491607701613844
-10.560275929101426,1.0,-1.1442259365430605,1.0,-1.0396064106310205
20.131389272524896,1.0,2.014220958682935,1.0,0.7193183072844974
17.760108661049824,1.0,0.8325074275638394,1.0,-1.070146188756164
-2.5902273282923876,1.0,1.8425401023136985,1.0,0.9625526159017892
-9.25769892404142,1.0,-0.07618510165707726,1.0,-0.36916443454580866
6.459343732759315,1.0,1.0771897400370456,1.0,-0.8615185660123171
6.453143369547337,1.0,-0.10956221073109296,1.0,-1.8097120586484325
36.296150515741076,1.0,1.4033296767014796,1.0,-0.1796078496643014
-18.997079944299394,1.0,0.38276170094202766,1.0,0.4499524971020367
-8.38867918043968,1.0,1.0683685850477125,1.0,0.4461475183467392
24.060233026672055,1.0,3.3427684679109007,1.0,0.19638756483928688
-13.058005377231197,1.0,-0.29461355443939574,1.0,0.7800364105651628
25.27963182110739,1.0,2.813238390278802,1.0,0.291354204481871
-3.144859891113489,1.0,1.6357702355385708,1.0,1.2254032288928107
1.849841076969697,1.0,2.601714692547115,1.0,1.406716486503311
20.095246604658588,1.0,2.3602997447582927,1.0,1.0619180962511379
-8.342154480294395,1.0,-1.0927689920771735,1.0,-0.8895505991470174
6.94074193212562,1.0,1.1150091346309043,1.0,-1.035695029989755
-21.968755246834206,1.0,1.0015251382172803,1.0,-0.3086614593275482
8.355846283010024,1.0,0.8137938446031266,1.0,-0.7324399078524612
3.6624989030788253,1.0,2.4136973091495353,1.0,0.48032823097306365
15.71396051117587,1.0,0.5054427385889431,1.0,-0.6825145340615181
-8.740712451213268,1.0,-1.5508873204798468,1.0,-1.5996985012790317
5.001183240914626,1.0,2.691427474954217,1.0,1.7400151143919045
8.136217304897492,1.0,-0.13992827591445367,1.0,-0.34598184054232234
29.81060871363817,1.0,0.8747889602306471,1.0,-0.4515661639005532
8.794227429685325,1.0,1.9658348551769338,1.0,0.4009858386787666
-20.3491057958616,1.0,-0.17097269900557244,1.0,-0.4016166607613263
-0.4787085695869472,1.0,-0.2732867940386731,1.0,-0.8846873271908674
-9.285649175332802,1.0,-0.6822410966396582,1.0,-0.225812504542265
-8.352964081061206,1.0,-1.338921119860066,1.0,-1.5555135583691526
15.892683765853699,1.0,1.740976116189545,1.0,-0.15274960689479652
-0.5814753933418766,1.0,1.1076743917784189,1.0,0.2842041749327307
12.83599014227988,1.0,0.8602421935338727,1.0,0.5642265782872979
11.446854516803036,1.0,0.9013372784390639,1.0,-0.5977891578417809
6.374765948851315,1.0,1.2955384036567872,1.0,1.2128690490589182
38.54671426491145,1.0,0.7673135409610148,1.0,-0.770705605701236
-10.055135581956138,1.0,1.7569292948255706,1.0,1.3699770950758934
-14.577216443000893,1.0,-0.21319933555592196,1.0,-0.035031998165742206
19.750052885402674,1.0,2.4643361500378163,1.0,-0.46952747861589234
10.831861104419936,1.0,1.5913724382254923,1.0,0.4067752863815793
