run,estimator,bias,variance,mse,fstat,num_instruments,strength
1,OLS,2.9923889815407825,0.02314150841390397,8.977533325260588,10000.0,333,0.1
1,2SLS,1.2590948996478257,0.025317751162942943,1.6106377174821112,7.812786650664657,333,0.1
1,UJIVE1,0.0017605567038726732,0.04867684369012378,0.048679943250031325,68.88501509224379,333,0.1
1,UJIVE2,8.313670070592138e-07,0.0498605158239722,0.04986051582466337,68.78607216273535,333,0.1
1,JIVE1,-0.34996256160034883,0.04119581368961918,0.1636696082114971,10000.0,333,0.1
1,JIVE2,0.45886403367319983,0.08921762451462949,0.29977382591346896,109.02110049777635,333,0.1
1,HFUL,0.059234545057992485,0.02709623593734293,0.03060496726557027,10000.0,333,0.1
1,SJIVE,0.03886391188935989,0.02916148571892343,0.030671889366267358,10000.0,333,0.1
2,OLS,3.0610210913241422,0.04757194977761224,9.417422071308854,10000.0,333,0.1
2,2SLS,1.328665508846314,0.06215175026718618,1.82750378466502,7.93664901841578,333,0.1
2,UJIVE1,0.07955233255997633,0.09351259111422729,0.09984116472996037,73.92404493558709,333,0.1
2,UJIVE2,0.07669834078922133,0.09432960704802737,0.10021224252784693,73.71317305127225,333,0.1
2,JIVE1,-0.27596130830778504,0.06803967510388062,0.14419431878682495,10000.0,333,0.1
2,JIVE2,0.5609027215853348,0.14886323561741188,0.46347509869924747,117.56636720229179,333,0.1
2,HFUL,0.008372187083986593,0.053357498198398176,0.05342759171496746,10000.0,333,0.1
2,SJIVE,0.0001474666868713337,0.0515323805577816,0.05153240230420534,10000.0,333,0.1
3,OLS,3.078212093943994,0.04337265195193602,9.518762347255006,10000.0,333,0.1
3,2SLS,1.3335371715406101,0.0580522627699282,1.8363736506504593,8.188600270593863,333,0.1
3,UJIVE1,0.09011870805327386,0.08373054523829992,0.09185192677949112,74.6201872959821,333,0.1
3,UJIVE2,0.08922928898959973,0.08399171872140553,0.09195358473499503,74.56205099472646,333,0.1
3,JIVE1,-0.24401450690465393,0.05040058645320296,0.10994366603312436,10000.0,333,0.1
3,JIVE2,0.5911566094939082,0.13501537178480347,0.48448150873313667,120.54661982266501,333,0.1
3,HFUL,0.09077758588232263,0.06819027967390343,0.07643084977252587,10000.0,333,0.1
3,SJIVE,0.08358723150480699,0.0642722318759887,0.07125905714662689,10000.0,333,0.1
4,OLS,2.957045813266028,0.12019547442034914,8.864315416174495,10000.0,333,0.1
4,2SLS,1.2464585262329186,0.09944980925073485,1.6531086668694743,8.169689588591453,333,0.1
4,UJIVE1,0.01746224007231938,0.10232376820206934,0.10262869803041266,69.16906956794665,333,0.1
4,UJIVE2,0.019323653243861604,0.10284537185091507,0.10321877542560409,69.31908310089129,333,0.1
4,JIVE1,-0.2715188844362615,0.07068140707086121,0.14440391167637315,10000.0,333,0.1
4,JIVE2,0.5000132134751445,0.16653568078260664,0.416548894432347,111.65194979901575,333,0.1
4,HFUL,-0.006072565360250648,0.06783810952088634,0.06787498557094084,10000.0,333,0.1
4,SJIVE,-0.007274666244093009,0.07536516290944914,0.0754180836784121,10000.0,333,0.1
5,OLS,3.0053406550851998,0.03419872238363661,9.066271175491575,10000.0,333,0.1
5,2SLS,1.2187180360695689,0.055085039630052665,1.5403586910713192,7.7703491446518616,333,0.1
5,UJIVE1,-0.07308885430996723,0.10915018914648993,0.11449216977083357,62.56974764118875,333,0.1
5,UJIVE2,-0.07427965090887441,0.1093566062375213,0.11487407277666553,62.49754563937937,333,0.1
5,JIVE1,-0.3922991252009673,0.08797632560586513,0.24187492923930937,10000.0,333,0.1
5,JIVE2,0.3662594356607428,0.17993887422315202,0.31408484843367784,98.82802652273361,333,0.1
5,HFUL,-0.07317024749884966,0.06860787318455283,0.07396175830359573,10000.0,333,0.1
5,SJIVE,-0.08274233587817122,0.06818277053471161,0.07502906468128771,10000.0,333,0.1
6,OLS,2.864269557925802,0.05008258959974403,8.25412269006021,10000.0,333,0.1
6,2SLS,1.124419444565547,0.053895095724275935,1.3182141830413698,7.952004890754383,333,0.1
6,UJIVE1,-0.13248601487446668,0.08828861212759836,0.10584115626491575,61.78434441797549,333,0.1
6,UJIVE2,-0.13491223237308803,0.09059298822355265,0.10879429866744277,61.66060914637792,333,0.1
6,JIVE1,-0.4367853463225483,0.07117630249209414,0.2619577412542026,10000.0,333,0.1
6,JIVE2,0.30052616907996194,0.15398657963900522,0.24430255794088307,98.62494629930367,333,0.1
6,HFUL,-0.06002049580793116,0.10724211129859347,0.11084457121562334,10000.0,333,0.1
6,SJIVE,-0.06366158214983571,0.10658156947456461,0.11063436651638489,10000.0,333,0.1
7,OLS,3.073243639978526,0.07819174298362873,9.523018213652087,10000.0,333,0.1
7,2SLS,1.3000794602424854,0.06265179952469457,1.7528584024690872,7.8694129997229085,333,0.1
7,UJIVE1,0.01666146766392218,0.05974812946418806,0.060025733968903996,66.93638853090175,333,0.1
7,UJIVE2,0.016366065525518246,0.06005297685985881,0.06032082496064436,66.93496451563769,333,0.1
7,JIVE1,-0.32344439879261533,0.037941641353155905,0.14255792046347232,10000.0,333,0.1
7,JIVE2,0.4791010981326064,0.09126596931331912,0.3208038315451885,105.91023490065588,333,0.1
7,HFUL,0.05474910721721489,0.056871327752143465,0.05986879249322556,10000.0,333,0.1
7,SJIVE,0.055260958637051896,0.05428250298446674,0.0573362765339527,10000.0,333,0.1
8,OLS,2.94264172759702,0.08690753561266804,8.746047872607843,10000.0,333,0.1
8,2SLS,1.1268582171721127,0.14259829693517348,1.4124077385434863,7.839072158831246,333,0.1
8,UJIVE1,-0.19037374341158045,0.24406382330893153,0.2803059854894698,59.935284426467454,333,0.1
8,UJIVE2,-0.18319055910077595,0.24620448831791603,0.27976326926157086,60.45765842184935,333,0.1
8,JIVE1,-0.4870851972613428,0.16520481268289533,0.4024568020740166,10000.0,333,0.1
8,JIVE2,0.23978005674582495,0.39251777121840725,0.4500122468314382,96.78977587238568,333,0.1
8,HFUL,-0.10181581580730326,0.15863582475599314,0.16900228510449977,10000.0,333,0.1
8,SJIVE,-0.10232789214280229,0.15716626089639485,0.16763725840678384,10000.0,333,0.1
9,OLS,3.115117356627606,0.04189475456254831,9.74585090012511,10000.0,333,0.1
9,2SLS,1.3549127251156414,0.03039601864413715,1.8661845113244304,7.933580893006303,333,0.1
9,UJIVE1,0.08328268218917209,0.07690818974409872,0.08384419489672137,75.09988496676317,333,0.1
9,UJIVE2,0.08378891107388504,0.07802752729631332,0.08504810891526074,75.17874128379668,333,0.1
9,JIVE1,-0.26750826191788285,0.0633885865467921,0.13494925674111868,10000.0,333,0.1
9,JIVE2,0.5723984696992712,0.14153695396520755,0.46917696207927506,120.86311458909816,333,0.1
9,HFUL,0.15640378515388523,0.03767641351016681,0.0621385575206295,10000.0,333,0.1
9,SJIVE,0.1587795605267736,0.040101826167231354,0.0653127750083067,10000.0,333,0.1
10,OLS,3.1716817585574386,0.05964299628473332,10.119208173850739,10000.0,333,0.1
10,2SLS,1.4736923471604464,0.07067728323733206,2.242446417316597,8.028019140567164,333,0.1
10,UJIVE1,0.2504224628796948,0.11036340018703653,0.17307481010176862,90.84465366034503,333,0.1
10,UJIVE2,0.25286555772019187,0.10664228553231433,0.17058327581345803,90.95487271362265,333,0.1
10,JIVE1,-0.12246352460514849,0.06765103518801478,0.0826483500467306,10000.0,333,0.1
10,JIVE2,0.7843188721628919,0.16784832869902433,0.783004421929895,146.51032101812302,333,0.1
10,HFUL,0.2563866810971046,0.054049003654531594,0.11978313389852,10000.0,333,0.1
10,SJIVE,0.250589904628095,0.053223502686391255,0.11601880298790904,10000.0,333,0.1
1,OLS,1.049692241865499,0.011277059722154448,1.1131308623547715,10000.0,333,0.2
1,2SLS,0.41520383618494516,0.01605404049410005,0.18844826607679482,27.84730066519507,333,0.2
1,UJIVE1,0.060688574947768734,0.023538632090489696,0.02722173521968064,221.55992876521492,333,0.2
1,UJIVE2,0.05979836021427172,0.023878986881662394,0.02745483076597819,221.41411733238806,333,0.2
1,JIVE1,-0.025018809961890542,0.02258940769913958,0.023215348551048773,10000.0,333,0.2
1,JIVE2,0.9269752833552097,0.05052093427832004,0.9098041102297912,469.65927779436,333,0.2
1,HFUL,0.057502250179459535,0.019352938910318893,0.02265944768602005,10000.0,333,0.2
1,SJIVE,0.05556493230824262,0.02044155330329745,0.023529015005717035,10000.0,333,0.2
2,OLS,0.9585829550875502,0.01540492395936668,0.9342862057437472,10000.0,333,0.2
2,2SLS,0.3663495530792823,0.018151970967933855,0.15236396600932373,29.426145410791044,333,0.2
2,UJIVE1,0.03770561617493438,0.022015397415181347,0.02343711090631282,222.45012768789525,333,0.2
2,UJIVE2,0.03746367204331576,0.02266360263633644,0.024067129359305557,222.46057076739712,333,0.2
2,JIVE1,-0.047976603670907905,0.01878628170552788,0.021088036205323252,10000.0,333,0.2
2,JIVE2,0.9051909693489584,0.048652191878477274,0.8680228828693842,473.1841768421394,333,0.2
2,HFUL,0.020727160496508135,0.022248104677753594,0.0226777198600016,10000.0,333,0.2
2,SJIVE,0.018047615445508147,0.022442711712469816,0.022768428135738764,10000.0,333,0.2
3,OLS,0.977848274777186,0.025746450578550305,0.981933699063269,10000.0,333,0.2
3,2SLS,0.33979873328909055,0.026012564730032793,0.14147574387490328,28.85291039803384,333,0.2
3,UJIVE1,-0.015161344789535769,0.02738191819409626,0.027611784569923442,199.14639754002923,333,0.2
3,UJIVE2,-0.015123827536126977,0.02731235853351438,0.027541088692856895,199.1297369937196,333,0.2
3,JIVE1,-0.09247019359835076,0.023134730664641397,0.031685467368757866,10000.0,333,0.2
3,JIVE2,0.8260797643039817,0.05700237232209017,0.7394101493146122,424.1826060889606,333,0.2
3,HFUL,-0.0038973758417589098,0.024467095483816058,0.024482285022267982,10000.0,333,0.2
3,SJIVE,-0.0038669532041355702,0.02461058081259453,0.024625534139677507,10000.0,333,0.2
4,OLS,0.9877924482555738,0.013082676495568412,0.9888165973263092,10000.0,333,0.2
4,2SLS,0.39397145674738177,0.018858592816796024,0.17407210154845015,30.213720062279908,333,0.2
4,UJIVE1,0.06420363568266944,0.024313850861270213,0.028435957696143162,230.90753990043936,333,0.2
4,UJIVE2,0.06383977444568767,0.023678297107924427,0.027753813909200703,230.7550366052887,333,0.2
4,JIVE1,-0.023617527499877354,0.024831380896915382,0.025389168502122843,10000.0,333,0.2
4,JIVE2,0.9440184764469841,0.04901298171502573,0.9401838655883104,491.42529400126585,333,0.2
4,HFUL,0.056605247276360404,0.01663281769556421,0.019836971714782117,10000.0,333,0.2
4,SJIVE,0.05627545154637661,0.01722042392642776,0.020387350373176343,10000.0,333,0.2
5,OLS,1.0234577555784596,0.011455069546391831,1.0589208470000901,10000.0,333,0.2
5,2SLS,0.41131423478331486,0.012802992733976174,0.18198239246936,29.258279287144852,333,0.2
5,UJIVE1,0.07106152798501413,0.01496003285195333,0.020009773611518275,224.59055110605283,333,0.2
5,UJIVE2,0.07109912523097883,0.014743098134873758,0.019798183743484167,224.57190728926403,333,0.2
5,JIVE1,-0.014646228555046936,0.012136678760071469,0.012351190770958144,10000.0,333,0.2
5,JIVE2,0.9530598277306923,0.031000031309045432,0.9393230665431025,479.0187092727655,333,0.2
5,HFUL,0.07544936762024557,0.01545308845640955,0.021145695530704507,10000.0,333,0.2
5,SJIVE,0.07482293957209776,0.01497251983962832,0.020570992125838114,10000.0,333,0.2
6,OLS,1.0305028586282805,0.008216746538793538,1.0701528881798512,10000.0,333,0.2
6,2SLS,0.4073288499469359,0.015479938161088988,0.1813967301601824,29.317856592667056,333,0.2
6,UJIVE1,0.06100344828329296,0.02479589940318752,0.02851732010563992,225.91674530275313,333,0.2
6,UJIVE2,0.06345782956327124,0.024675362966158153,0.028702259099039333,226.48225997447662,333,0.2
6,JIVE1,-0.02808219615201777,0.022944158338157293,0.02373276807887769,10000.0,333,0.2
6,JIVE2,0.9419086849122259,0.05439672185814194,0.9415886925712205,483.0657148277285,333,0.2
6,HFUL,0.07483991380086889,0.017979487432863685,0.02358050013058518,10000.0,333,0.2
6,SJIVE,0.07130587290534514,0.018359196177376757,0.02344372368816999,10000.0,333,0.2
7,OLS,1.0256542753715252,0.015187332623926506,1.067154025211815,10000.0,333,0.2
7,2SLS,0.41244400817199195,0.017714949378160573,0.18782500925513876,29.30254944179827,333,0.2
7,UJIVE1,0.07148035936796042,0.020733343337686883,0.025842785113059645,228.29982268949493,333,0.2
7,UJIVE2,0.0742329959225578,0.02050717084376831,0.026017708527406796,228.93374633972758,333,0.2
7,JIVE1,-0.014026276897464097,0.02029048024529932,0.020487216688903655,10000.0,333,0.2
7,JIVE2,0.9553822727094812,0.04270490683407327,0.9554601938416065,487.6544993320643,333,0.2
7,HFUL,0.08847003360632884,0.020758668309173472,0.028585615155478434,10000.0,333,0.2
7,SJIVE,0.07532647784059325,0.019786902428217207,0.025460980692086587,10000.0,333,0.2
8,OLS,1.0756411703496749,0.014184277428146198,1.1711882047793645,10000.0,333,0.2
8,2SLS,0.4481689153546987,0.01872366709164889,0.21957904378185594,28.829719480511805,333,0.2
8,UJIVE1,0.09957047797183186,0.0231595477098903,0.03307382779342936,231.07394956374566,333,0.2
8,UJIVE2,0.09655113443587682,0.02309489067673995,0.0324170122375947,230.35540778722242,333,0.2
8,JIVE1,0.014448011591631404,0.025983593282399724,0.026192338321351632,10000.0,333,0.2
8,JIVE2,0.9849317967332747,0.047874953449359145,1.017965597665596,490.43370485193236,333,0.2
8,HFUL,0.11045701033545038,0.022009543737525544,0.034210294869771334,10000.0,333,0.2
8,SJIVE,0.11490240134308191,0.022278384426003512,0.035480946260410186,10000.0,333,0.2
9,OLS,0.9311728315732839,0.009236177873483896,0.8763190201336917,10000.0,333,0.2
9,2SLS,0.301872992968235,0.01740756377912966,0.10853486766272973,28.90521711069436,333,0.2
9,UJIVE1,-0.047750367817528394,0.02436404906580402,0.02664414669251327,191.0417013709381,333,0.2
9,UJIVE2,-0.04469220496847579,0.023901923486095638,0.02589931667103989,191.6471955033006,333,0.2
9,JIVE1,-0.11558723488897911,0.022466750496234603,0.03582715936551464,10000.0,333,0.2
9,JIVE2,0.7850011246736869,0.050189410048367,0.6664161757873204,407.134531692799,333,0.2
9,HFUL,-0.05130351223437442,0.018846729750987647,0.02147878011857025,10000.0,333,0.2
9,SJIVE,-0.05038265844628394,0.0176524338247405,0.020190846096855408,10000.0,333,0.2
10,OLS,0.9487187183339933,0.015555188647887363,0.9156223951651825,10000.0,333,0.2
10,2SLS,0.306574363330176,0.014788354001146451,0.10877619425244922,28.245240964842214,333,0.2
10,UJIVE1,-0.05222646616278041,0.015919784135780095,0.018647387903632143,198.5573558360116,333,0.2
10,UJIVE2,-0.05168595258870186,0.01584812665337424,0.018519564348375782,198.69673718950204,333,0.2
10,JIVE1,-0.13283720520537484,0.014492339519799165,0.03213806260657403,10000.0,333,0.2
10,JIVE2,0.7722836454845095,0.031437382952707496,0.6278594120355508,423.5097698202262,333,0.2
10,HFUL,-0.017056185417067705,0.012874690958817107,0.013165604419798502,10000.0,333,0.2
10,SJIVE,-0.018465315161958974,0.011887227338932594,0.012228195202963065,10000.0,333,0.2
1,OLS,0.42588331594027357,0.008579824985639608,0.1899564237819225,10000.0,333,0.30000000000000004
1,2SLS,0.1071484514384599,0.0100489995306488,0.0215297901763088,59.8645031795088,333,0.30000000000000004
1,UJIVE1,-0.06186098734875443,0.011343106772452538,0.015169888528215292,398.08927971347714,333,0.30000000000000004
1,UJIVE2,-0.06211629591522179,0.01120068447485091,0.01505911869307831,397.9528093680382,333,0.30000000000000004
1,JIVE1,-0.09089140314936203,0.008536685334893757,0.01679793250135362,10000.0,333,0.30000000000000004
1,JIVE2,0.8348773503157458,0.024728912270240364,0.7217491023404811,856.5817216281964,333,0.30000000000000004
1,HFUL,-0.059188564036749255,0.010078926109254538,0.013582212221986906,10000.0,333,0.30000000000000004
1,SJIVE,-0.05609945800896667,0.00896110777389554,0.012108256962795359,10000.0,333,0.30000000000000004
2,OLS,0.4321564714453664,0.0064121065404389695,0.19317132235254872,10000.0,333,0.30000000000000004
2,2SLS,0.12777992984683992,0.007191011823997455,0.023518722295660786,63.53613989155481,333,0.30000000000000004
2,UJIVE1,-0.0323735448186425,0.008042174708671518,0.009090221112796172,429.6680932662651,333,0.30000000000000004
2,UJIVE2,-0.03246414485710847,0.007976718256031115,0.009030638957334436,429.5597492858892,333,0.30000000000000004
2,JIVE1,-0.07306198581586076,0.009034556071336351,0.01437260984269339,10000.0,333,0.30000000000000004
2,JIVE2,0.8832458617114213,0.01701721062191971,0.7971404628522709,921.3343559915411,333,0.30000000000000004
2,HFUL,-0.02244449664939243,0.007657485000765933,0.00816124043061052,10000.0,333,0.30000000000000004
2,SJIVE,-0.01977911384546156,0.007635085878787924,0.008026299223299652,10000.0,333,0.30000000000000004
3,OLS,0.5148938078923482,0.006179417127423881,0.27129505053330616,10000.0,333,0.30000000000000004
3,2SLS,0.20687353703110306,0.0065967308738759806,0.049393391197635146,61.28783710961794,333,0.30000000000000004
3,UJIVE1,0.045092751936474884,0.007008105327855283,0.009041461605059743,451.9678951337466,333,0.30000000000000004
3,UJIVE2,0.047526430470328784,0.006834422427450665,0.009093184020701663,453.1355938708114,333,0.30000000000000004
3,JIVE1,0.014937878686361516,0.00601602062035394,0.006239160840002391,10000.0,333,0.30000000000000004
3,JIVE2,1.000720568672652,0.01483861043120425,1.0162802669957205,970.4964519712008,333,0.30000000000000004
3,HFUL,0.05521077116831945,0.006546319420889429,0.009594548673889963,10000.0,333,0.30000000000000004
3,SJIVE,0.05971583358865502,0.005845043342142403,0.009411024123330341,10000.0,333,0.30000000000000004
4,OLS,0.4811875973563048,0.0039011222043046885,0.23544262605383795,10000.0,333,0.30000000000000004
4,2SLS,0.1787710349516455,0.0047637813912900385,0.036722864328972496,63.34827270776718,333,0.30000000000000004
4,UJIVE1,0.019468833174120313,0.005594873738587499,0.005973909203749227,453.68061736505615,333,0.30000000000000004
4,UJIVE2,0.019519533090559114,0.005392479447483859,0.005773491619557291,453.62364017412546,333,0.30000000000000004
4,JIVE1,-0.01832602539519319,0.006065882913968283,0.006401726120753548,10000.0,333,0.30000000000000004
4,JIVE2,0.9628488521232577,0.012033672572730986,0.9391115846078059,973.1076948122505,333,0.30000000000000004
4,HFUL,0.021686918234529597,0.005349914581615804,0.005820237004126977,10000.0,333,0.30000000000000004
4,SJIVE,0.02020832381938582,0.004912399250179457,0.005320775601768612,10000.0,333,0.30000000000000004
5,OLS,0.48174845163031305,0.006395830562481007,0.23847740121068495,10000.0,333,0.30000000000000004
5,2SLS,0.18321721236369704,0.005387749896004451,0.03895629680232851,63.95053718568924,333,0.30000000000000004
5,UJIVE1,0.026274120223891372,0.005267908501247391,0.005958237894786889,444.1911015204866,333,0.30000000000000004
5,UJIVE2,0.026408669836008,0.005307482833932302,0.00600490067643958,444.2386759957064,333,0.30000000000000004
5,JIVE1,-0.01416126277946208,0.00391654041673159,0.0041170817802405665,10000.0,333,0.30000000000000004
5,JIVE2,0.969225494781649,0.010897208450772317,0.9502952681855048,949.8284908275907,333,0.30000000000000004
5,HFUL,0.020957713710994218,0.004733937774631792,0.005173163538623788,10000.0,333,0.30000000000000004
5,SJIVE,0.01789131687054655,0.004999982079747128,0.005320081299109431,10000.0,333,0.30000000000000004
6,OLS,0.48568724430408244,0.0030038965078124425,0.23889599578750595,10000.0,333,0.30000000000000004
6,2SLS,0.19428176281044526,0.002898321671336629,0.04064372503207074,65.38417222452192,333,0.30000000000000004
6,UJIVE1,0.0411253410044482,0.0033640251167253365,0.005055318789457484,465.9644288541748,333,0.30000000000000004
6,UJIVE2,0.04141911961300042,0.0033413967431635398,0.005056940212679576,466.0997239960508,333,0.30000000000000004
6,JIVE1,0.0037692613275103646,0.004198198652401413,0.004212405983356478,10000.0,333,0.30000000000000004
6,JIVE2,0.9921309206887114,0.007683415820641362,0.9920071796072714,993.2929832679198,333,0.30000000000000004
6,HFUL,0.03733558108632353,0.00345130538217749,0.004845250997230929,10000.0,333,0.30000000000000004
6,SJIVE,0.03864540538916965,0.003621580028822447,0.00511504738651571,10000.0,333,0.30000000000000004
7,OLS,0.4423589870874499,0.007577111077255739,0.20325858453429047,10000.0,333,0.30000000000000004
7,2SLS,0.14297753881825193,0.006677360965272083,0.027119937571796822,64.28421558653727,333,0.30000000000000004
7,UJIVE1,-0.014389291707337205,0.006361834995748446,0.0065688867115872894,436.7446432493547,333,0.30000000000000004
7,UJIVE2,-0.013336485776050533,0.0066483436387567135,0.006826205491611512,437.2744185222182,333,0.30000000000000004
7,JIVE1,-0.05453009250703973,0.005734827104530072,0.008708358093356383,10000.0,333,0.30000000000000004
7,JIVE2,0.912190336437811,0.014652834784879772,0.8467440446754064,937.5386854465654,333,0.30000000000000004
7,HFUL,0.0006738826307073787,0.006301410873987853,0.006301864991787823,10000.0,333,0.30000000000000004
7,SJIVE,-0.003577090591416954,0.006033388263919817,0.00604618384101902,10000.0,333,0.30000000000000004
8,OLS,0.4643670821107218,0.004294667952845045,0.2199314549008709,10000.0,333,0.30000000000000004
8,2SLS,0.17038637954537447,0.004941564967256309,0.033973083301836716,64.8902078277447,333,0.30000000000000004
8,UJIVE1,0.015496249265469175,0.005553798470830383,0.005793932212127938,455.12980288391975,333,0.30000000000000004
8,UJIVE2,0.014215918665413852,0.005599828704802215,0.005801921048303877,454.517871994097,333,0.30000000000000004
8,JIVE1,-0.020912781595782647,0.005731103793704138,0.006168448227777043,10000.0,333,0.30000000000000004
8,JIVE2,0.9553042479083669,0.012273553696739402,0.9248797597685099,972.8571709926143,333,0.30000000000000004
8,HFUL,0.010512084731515237,0.005319699126017614,0.00543020305142017,10000.0,333,0.30000000000000004
8,SJIVE,0.011458242380973616,0.006127343965822674,0.006258635284283813,10000.0,333,0.30000000000000004
9,OLS,0.4555798192797324,0.009376560282999052,0.21692953201795268,10000.0,333,0.30000000000000004
9,2SLS,0.15496634820663924,0.01049105308398258,0.03450562216048394,64.60724577777023,333,0.30000000000000004
9,UJIVE1,-0.0030529356766648696,0.011402701477160361,0.011412021893406213,440.6939179620007,333,0.30000000000000004
9,UJIVE2,-0.003775940536311606,0.011628866094572409,0.011643123821506169,440.3694177536293,333,0.30000000000000004
9,JIVE1,-0.04301893691791818,0.011174183450920763,0.013024812384468587,10000.0,333,0.30000000000000004
9,JIVE2,0.9263482277514136,0.02541582101422894,0.8835368600724138,943.2801386714124,333,0.30000000000000004
9,HFUL,-0.0047289877908715415,0.011642692806377659,0.01166505613190387,10000.0,333,0.30000000000000004
9,SJIVE,-0.00698560531016128,0.012785638554350687,0.01283443723590004,10000.0,333,0.30000000000000004
10,OLS,0.4670611785636929,0.007576710592499983,0.22572285511380574,10000.0,333,0.30000000000000004
10,2SLS,0.17087482807360693,0.009695687111658923,0.03889389398084365,66.07498399045579,333,0.30000000000000004
10,UJIVE1,0.01520363678993053,0.01147101007735709,0.011702160648997218,451.59087976871433,333,0.30000000000000004
10,UJIVE2,0.013825315977081388,0.011766327044357757,0.011957466406223898,450.98656539807996,333,0.30000000000000004
10,JIVE1,-0.026824990470483433,0.0122384732403334,0.012958053354074928,10000.0,333,0.30000000000000004
10,JIVE2,0.955115722886878,0.026684948683731557,0.9389309927894551,964.284163918736,333,0.30000000000000004
10,HFUL,0.01723452567985386,0.011186804723311078,0.01148383359872062,10000.0,333,0.30000000000000004
10,SJIVE,0.015208126848865255,0.010348587339645061,0.010579874461896236,10000.0,333,0.30000000000000004
1,OLS,0.2801983166356103,0.006797621347350946,0.08530871799278068,10000.0,333,0.4
1,2SLS,0.10651682375955836,0.00725039916759794,0.018596232911422754,110.79972152089533,333,0.4
1,UJIVE1,0.017202992555015516,0.00765493190178904,0.007950874854636959,774.7819631317468,333,0.4
1,UJIVE2,0.016916793810705145,0.007681981888897227,0.007968159801731139,774.5636980684566,333,0.4
1,JIVE1,-0.001073862033532813,0.008339634207396269,0.008340787387063332,10000.0,333,0.4
1,JIVE2,0.9875593761040428,0.01720030122790147,0.9924738225589079,1566.5477610017485,333,0.4
1,HFUL,0.017665784541147866,0.007548678543871842,0.0078607584873261,10000.0,333,0.4
1,SJIVE,0.014948216142618853,0.007343199556244602,0.007566648722091053,10000.0,333,0.4
2,OLS,0.23348744720757103,0.0012147236718737598,0.055731111675382014,10000.0,333,0.4
2,2SLS,0.06137934017773228,0.0016017497916737406,0.005369173192327521,116.06289047035675,333,0.4
2,UJIVE1,-0.027430404923424367,0.0019052088804308292,0.002657635994693853,746.3668457311927,333,0.4
2,UJIVE2,-0.02777171227565691,0.0019036371816246156,0.0026749051843464886,746.0517513028535,333,0.4
2,JIVE1,-0.0408594569353397,0.0019816985569417874,0.0036511937779926673,10000.0,333,0.4
2,JIVE2,0.921918391497455,0.004122719485506594,0.8540562400667614,1515.2919620003977,333,0.4
2,HFUL,-0.02583374674925478,0.0020433740999155096,0.0027107565710201413,10000.0,333,0.4
2,SJIVE,-0.024590819554885446,0.001952093469785168,0.0025568018761661046,10000.0,333,0.4
3,OLS,0.27327188778595923,0.005101191781583247,0.07977871643568514,10000.0,333,0.4
3,2SLS,0.10340698704612108,0.0042772541693624384,0.014970259139319092,113.0185971202064,333,0.4
3,UJIVE1,0.015983892451148306,0.0039322021499592335,0.0041876869678491085,779.8567874057239,333,0.4
3,UJIVE2,0.015760987561494577,0.003953629334991704,0.004202038063905291,779.6671971327248,333,0.4
3,JIVE1,-0.002962076537223046,0.0037162144246160045,0.0037249883220283704,10000.0,333,0.4
3,JIVE2,0.9876042924865709,0.008436483527845396,0.9837987220657458,1576.6539023017372,333,0.4
3,HFUL,0.015073925669154331,0.004065420374403253,0.004292643609482443,10000.0,333,0.4
3,SJIVE,0.01700602996325835,0.003913711953966186,0.004202917009077427,10000.0,333,0.4
4,OLS,0.2700079287710585,0.004273794509254372,0.07717807610849137,10000.0,333,0.4
4,2SLS,0.094892447892163,0.003958399177662317,0.012962975844629188,113.07768934774568,333,0.4
4,UJIVE1,0.004455825106526224,0.003849034852302438,0.0038688892296823867,763.3529149608974,333,0.4
4,UJIVE2,0.004133162178850469,0.003814654749057095,0.0038317377786537743,763.0479978191568,333,0.4
4,JIVE1,-0.018114786688708962,0.0033991025802246324,0.003727248077002059,10000.0,333,0.4
4,JIVE2,0.9686230379796479,0.008364920219876094,0.9465955099247985,1548.9635684372722,333,0.4
4,HFUL,0.006895627792433645,0.0038158155127799194,0.0038633651954317026,10000.0,333,0.4
4,SJIVE,0.004498958187442059,0.004017949036861471,0.0040381896616338234,10000.0,333,0.4
5,OLS,0.25057714299561584,0.004197389868024139,0.06698629445986945,10000.0,333,0.4
5,2SLS,0.06888520441923647,0.0033646817369591677,0.008109853124839164,109.53357898732341,333,0.4
5,UJIVE1,-0.025000562189801023,0.00323461989935344,0.0038596480091595492,726.3513506619746,333,0.4
5,UJIVE2,-0.024235294323545386,0.003304708549811887,0.0038920580407607575,726.9880990907676,333,0.4
5,JIVE1,-0.049222778802697584,0.003534387601857387,0.0059572695549166815,10000.0,333,0.4
5,JIVE2,0.9262339175043331,0.0071174405166275325,0.8650267104520513,1485.9564757615108,333,0.4
5,HFUL,-0.017698608274143313,0.0034527390522258233,0.0037659797870673974,10000.0,333,0.4
5,SJIVE,-0.021372288038345365,0.0036211310980814523,0.004077905794075453,10000.0,333,0.4
6,OLS,0.2942144132908209,0.004475828633107766,0.09103794962116972,10000.0,333,0.4
6,2SLS,0.11596271346876467,0.00524583557984401,0.01869318649488283,108.97460944405717,333,0.4
6,UJIVE1,0.024045739665235356,0.005840405115826132,0.006418602711874405,749.6354148876505,333,0.4
6,UJIVE2,0.023921292649481108,0.005889887453416362,0.00646211569543848,749.4881102105242,333,0.4
6,JIVE1,0.0007266057484608846,0.0055839793758858235,0.005584507331799521,10000.0,333,0.4
6,JIVE2,0.9960783608868189,0.012738308043599373,1.0049104090705714,1521.1131976334202,333,0.4
6,HFUL,0.02056361283019863,0.005827839403799987,0.006250701576430297,10000.0,333,0.4
6,SJIVE,0.01911886900265323,0.006394240037350315,0.0067597711892909305,10000.0,333,0.4
7,OLS,0.2557207515412049,0.0018541075681555504,0.0672472103369542,10000.0,333,0.4
7,2SLS,0.0799904353266565,0.002874416219934878,0.009272885963682895,109.34753777305295,333,0.4
7,UJIVE1,-0.010745300004096726,0.003538167399208115,0.0036536288713861554,764.6599488061187,333,0.4
7,UJIVE2,-0.010931516041938294,0.003556042335521612,0.0036755403784967666,764.4761788452247,333,0.4
7,JIVE1,-0.02767055395906166,0.004050202206238009,0.004815861762639352,10000.0,333,0.4
7,JIVE2,0.9468390307115513,0.007740987894095974,0.9042451379728862,1551.4933364013748,333,0.4
7,HFUL,-0.006138374505365318,0.0029858353155568797,0.003023514957124999,10000.0,333,0.4
7,SJIVE,-0.0038882683683625573,0.003062600042803975,0.0030777186737083835,10000.0,333,0.4
8,OLS,0.2946194423211114,0.006978505134414471,0.09377912092801718,10000.0,333,0.4
8,2SLS,0.11687238150037524,0.006206393168334242,0.019865546725903495,109.56206429356493,333,0.4
8,UJIVE1,0.024876631534102245,0.005881321248089069,0.00650016804457256,785.8808240425667,333,0.4
8,UJIVE2,0.025610588170100156,0.005631258384995199,0.006287160611413674,786.4906780109912,333,0.4
8,JIVE1,0.005551204281531064,0.0068764797923964605,0.006907295661371748,10000.0,333,0.4
8,JIVE2,0.9993756386918559,0.012039616414849946,1.010791283625605,1592.2711347038266,333,0.4
8,HFUL,0.025186122466647774,0.006112270450813286,0.006746611215718267,10000.0,333,0.4
8,SJIVE,0.02405877881394587,0.006401062670128592,0.006979887508146962,10000.0,333,0.4
9,OLS,0.26143486181311587,0.0037141985224190483,0.07206238549366206,10000.0,333,0.4
9,2SLS,0.08542834779055211,0.0037988738504013326,0.011096876456624861,111.6153776789159,333,0.4
9,UJIVE1,-0.005473499075939125,0.004003501954672814,0.004033461146807119,746.2257422623177,333,0.4
9,UJIVE2,-0.005002389780923888,0.004017547259049892,0.004042571162570185,746.5593816018618,333,0.4
9,JIVE1,-0.02234503499938243,0.004297461174438151,0.004796761763561776,10000.0,333,0.4
9,JIVE2,0.9567304987430546,0.008896777684776022,0.9242300249099099,1519.3151005853872,333,0.4
9,HFUL,-0.0038563023440733035,0.0039056159266799414,0.003920486994448847,10000.0,333,0.4
9,SJIVE,-0.0021905794448376257,0.0035645968623954334,0.0035693955006995785,10000.0,333,0.4
10,OLS,0.26795685606849906,0.0034848066839317793,0.0752856833980461,10000.0,333,0.4
10,2SLS,0.0982980238497595,0.004965305598283783,0.014627807091051673,112.74630669295895,333,0.4
10,UJIVE1,0.010456341164136629,0.005976734179016429,0.006086069249557248,789.9335601419847,333,0.4
10,UJIVE2,0.010028307558579775,0.005823604107142949,0.005924171059632416,789.4417759432811,333,0.4
10,JIVE1,-0.00825038870587469,0.005835290984627954,0.005903359898425979,10000.0,333,0.4
10,JIVE2,0.9777894887082865,0.012910655284703993,0.9689829395131163,1591.567564330016,333,0.4
10,HFUL,0.009058121796528141,0.005039755115028024,0.005121804685508763,10000.0,333,0.4
10,SJIVE,0.008331305832820135,0.005301017112261101,0.005370427769141083,10000.0,333,0.4
1,OLS,0.17486019513058682,0.0026547639351777847,0.03323085177628468,10000.0,333,0.5
1,2SLS,0.06045297388939084,0.0026986527082444303,0.006353214760315801,173.8078393882822,333,0.5
1,UJIVE1,0.0020903801642240703,0.002794732196442863,0.0027991018856738446,1182.2362140842274,333,0.5
1,UJIVE2,0.0023246363236400836,0.0027743704781810407,0.002779774412218228,1182.5206380730738,333,0.5
1,JIVE1,-0.011780362868469285,0.00304076207917603,0.0031795390284888396,10000.0,333,0.5
1,JIVE2,0.9823559564002066,0.006011305113058775,0.9710345301880233,2211.174486395723,333,0.5
1,HFUL,0.0034569091913185133,0.0026337715984247135,0.0026457218195817356,10000.0,333,0.5
1,SJIVE,0.0006709089092970189,0.0029272045679263627,0.0029276546866909376,10000.0,333,0.5
2,OLS,0.14078201559961112,0.0007538486573509664,0.020573424573640114,10000.0,333,0.5
2,2SLS,0.025843143823240423,0.0010705849223703629,0.0017384530050390523,174.08783345312204,333,0.5
2,UJIVE1,-0.032767840394786196,0.001314958409897919,0.002388689774036101,1127.8015542951284,333,0.5
2,UJIVE2,-0.03317726429894512,0.0013258258444633123,0.002426556710825371,1127.3084711330853,333,0.5
2,JIVE1,-0.04521150358424453,0.001677382808840698,0.003721462865188854,10000.0,333,0.5
2,JIVE2,0.9280126382489797,0.0030448506160002144,0.8642523073658321,2125.5612764220054,333,0.5
2,HFUL,-0.030360753804909435,0.0008961182842310249,0.0018178936558333476,10000.0,333,0.5
2,SJIVE,-0.031207791888024937,0.0010363400312400823,0.0020102663057663572,10000.0,333,0.5
3,OLS,0.16578950052306,0.003069702566135965,0.03055586104982167,10000.0,333,0.5
3,2SLS,0.05553800240276678,0.004053568736069221,0.007138038446958948,177.60406402487234,333,0.5
3,UJIVE1,-0.0010079811194287247,0.0046484587146930914,0.004649474740630216,1186.8730202342983,333,0.5
3,UJIVE2,-0.0010361218671388617,0.004706762229849481,0.004707835778373045,1186.8287444325324,333,0.5
3,JIVE1,-0.008842654155285512,0.004596703979468266,0.004674896511978252,10000.0,333,0.5
3,JIVE2,0.9758943467707608,0.010552164234421197,0.9629219402935508,2207.2584020634517,333,0.5
3,HFUL,-0.001399632975430065,0.004577739295440825,0.004579698267906737,10000.0,333,0.5
3,SJIVE,0.0007089883580526201,0.0043872784837471574,0.004387781148239012,10000.0,333,0.5
4,OLS,0.1723012979549791,0.0019789069278761716,0.03166664420484665,10000.0,333,0.5
4,2SLS,0.05995872083237717,0.0020085582076763632,0.005603606411531302,177.98706246967726,333,0.5
4,UJIVE1,0.0025655367463101484,0.002123489668432705,0.0021300716472293724,1179.4354607535436,333,0.5
4,UJIVE2,0.002561652385824553,0.0020884065356001147,0.0020949685985459155,1179.4220616681446,333,0.5
4,JIVE1,-0.01294138284834927,0.002272491870805282,0.0024399712608328306,10000.0,333,0.5
4,JIVE2,0.9837525086729345,0.0048205393286964646,0.9725895376489884,2200.8678432957054,333,0.5
4,HFUL,0.00444135322153325,0.001904319631070954,0.001924045249509378,10000.0,333,0.5
4,SJIVE,0.0014290345575430185,0.0022045867071552277,0.0022066288469218803,10000.0,333,0.5
5,OLS,0.16600669420413777,0.004040427355125163,0.03159864987571128,10000.0,333,0.5
5,2SLS,0.05838738057572908,0.0030390827835041533,0.006448168993999179,183.66950966778128,333,0.5
5,UJIVE1,0.003644112916616238,0.0026659112407614216,0.0026791907997104707,1203.8893226086734,333,0.5
5,UJIVE2,0.004001560950925543,0.0026722736265327542,0.002688286116576726,1204.3685729015592,333,0.5
5,JIVE1,0.00031087693979368056,0.0029762634874837984,0.002976360131955494,10000.0,333,0.5
5,JIVE2,0.9848166711387355,0.005824019732420681,0.9756878954852007,2231.660900319435,333,0.5
5,HFUL,0.003684553471585339,0.0027468341762221346,0.0027604101105071057,10000.0,333,0.5
5,SJIVE,0.00687564209661593,0.002750045153207025,0.002797319607447782,10000.0,333,0.5
6,OLS,0.17312571993884246,0.0018953892448750945,0.03186790414921761,10000.0,333,0.5
6,2SLS,0.06388682894130175,0.002510368943990688,0.00659189585616584,181.06715087670563,333,0.5
6,UJIVE1,0.008284376248336223,0.002898242111113872,0.00296687300093787,1233.458386979103,333,0.5
6,UJIVE2,0.00830705212158216,0.0029288905855036026,0.002997897700454285,1233.5441782022676,333,0.5
6,JIVE1,0.002826248044496782,0.0035429498519302426,0.003550937529939264,10000.0,333,0.5
6,JIVE2,0.9897697032251761,0.006431228128040317,0.9860752935504935,2277.088742659743,333,0.5
6,HFUL,0.01023423423293981,0.0026800423352342745,0.0027847818855689516,10000.0,333,0.5
6,SJIVE,0.011346902323917551,0.0029047078467707506,0.003033460039119276,10000.0,333,0.5
7,OLS,0.16731657045909382,0.0031370268935365458,0.031131861643729452,10000.0,333,0.5
7,2SLS,0.05553701821359518,0.003399225668377275,0.006483586060434478,174.32011621578556,333,0.5
7,UJIVE1,-0.0014292519167717454,0.0036240673244288682,0.0036261100854704646,1190.3499399458137,333,0.5
7,UJIVE2,-0.0013539133593994945,0.0036717694372264765,0.003673602518611236,1190.4874524690058,333,0.5
7,JIVE1,-0.013883418510622247,0.0035871577958420616,0.0037799071053831504,10000.0,333,0.5
7,JIVE2,0.9776939292155259,0.008489349255776218,0.9643747684806702,2217.7511282875494,333,0.5
7,HFUL,-0.0014221920833569434,0.003610946266030671,0.0036129688963526343,10000.0,333,0.5
7,SJIVE,-0.0047485825192997485,0.003640018127321321,0.0036625671632639196,10000.0,333,0.5
8,OLS,0.17217865632653187,0.002296293064749484,0.03194178275915946,10000.0,333,0.5
8,2SLS,0.05383102640099069,0.0025300475906820915,0.005427826994066249,167.84485112366517,333,0.5
8,UJIVE1,-0.006811883668911278,0.0027064308178964885,0.0027528325770152687,1124.8938701627749,333,0.5
8,UJIVE2,-0.006075373648158511,0.002870606206604517,0.0029075163715692556,1125.9171035886536,333,0.5
8,JIVE1,-0.020540652110400393,0.002733449418536922,0.003155367807657418,10000.0,333,0.5
8,JIVE2,0.9669887589859922,0.006374665403528318,0.9414419254087972,2125.934458301515,333,0.5
8,HFUL,-0.004661280133453816,0.0025533873961694404,0.0025751149286519716,10000.0,333,0.5
8,SJIVE,-0.004229866755278788,0.002466720057906837,0.00248461183067425,10000.0,333,0.5
9,OLS,0.16195779606150745,0.0015279769394903793,0.027758304644591225,10000.0,333,0.5
9,2SLS,0.050897702350910866,0.0016146706708818903,0.0042052467754838075,179.42389568792862,333,0.5
9,UJIVE1,-0.005705159400352033,0.0017065413032280267,0.0017390901470114516,1212.5706976981226,333,0.5
9,UJIVE2,-0.00512277755570163,0.0016945816299999295,0.0017208244798851298,1213.3568637319192,333,0.5
9,JIVE1,-0.02199149823781561,0.0015334783305359925,0.0020171043252798396,10000.0,333,0.5
9,JIVE2,0.9675446843494344,0.0038781937083338736,0.9400209099211805,2252.063823535961,333,0.5
9,HFUL,-0.0024561506770934606,0.001810344668940338,0.0018163773450889248,10000.0,333,0.5
9,SJIVE,-0.003880349479114664,0.0017202240764808616,0.0017352811885609273,10000.0,333,0.5
10,OLS,0.1749507638905122,0.0031538212094999693,0.03376159099537372,10000.0,333,0.5
10,2SLS,0.0650530136148196,0.003000095076381496,0.007231989656751402,177.76976147347165,333,0.5
10,UJIVE1,0.009140702206723517,0.0029535537199888943,0.0030371061568208943,1198.9682080941789,333,0.5
10,UJIVE2,0.009404708912642135,0.0028943779090794463,0.002982826458810977,1199.2244752831352,333,0.5
10,JIVE1,-0.0019452642467039372,0.0028494840595757404,0.0028532681125652453,10000.0,333,0.5
10,JIVE2,0.9893207569277811,0.00664615564770598,0.9854017157358641,2227.413400395451,333,0.5
10,HFUL,0.008976232274217556,0.00314919896102845,0.003229771706869155,10000.0,333,0.5
10,SJIVE,0.007348235923748203,0.0031136474158535276,0.003167643987044592,10000.0,333,0.5
1,OLS,0.12093999024771036,0.0019142628358153866,0.016540744076931665,10000.0,333,0.6
1,2SLS,0.04129035397665561,0.001856313482832626,0.0035612068143501463,250.1384463503861,333,0.6
1,UJIVE1,0.0008721514571197186,0.00184021095369428,0.0018409716018584355,1681.2485182212336,333,0.6
1,UJIVE2,0.0004401250466131046,0.001807763333839071,0.0018079570438957273,1680.486074839487,333,0.6
1,JIVE1,-0.00729965522911713,0.0015291580616518911,0.001582443028115868,10000.0,333,0.6
1,JIVE2,0.9851748717442408,0.004128908590078403,0.9746984365063598,2853.1087417949198,333,0.6
1,HFUL,0.0008396202784314522,0.001741052485121536,0.0017417574473334893,10000.0,333,0.6
1,SJIVE,0.0009267966769360925,0.0017035384566072068,0.0017043974086875867,10000.0,333,0.6
2,OLS,0.09891517134259176,0.0009651537480644831,0.010749364869798769,10000.0,333,0.6
2,2SLS,0.019826692672283142,0.0010737291329097902,0.0014668268752309564,250.39140422936407,333,0.6
2,UJIVE1,-0.02037559046843509,0.0011791317490035592,0.0015942964359409422,1674.3138346880908,333,0.6
2,UJIVE2,-0.019890209479976974,0.0012267022322224506,0.0016223226653798162,1675.3091326240833,333,0.6
2,JIVE1,-0.02608818347860724,0.0010686358845811116,0.0017492292017945873,10000.0,333,0.6
2,JIVE2,0.9542624779160125,0.003040853158607977,0.9136577299170161,2842.7812397243038,333,0.6
2,HFUL,-0.018502777130614635,0.0012866048951265829,0.0016289576566717787,10000.0,333,0.6
2,SJIVE,-0.016312331919666124,0.0011731407971310244,0.0014392329697883826,10000.0,333,0.6
3,OLS,0.12423075859785526,0.0011780040607082612,0.01661128544250685,10000.0,333,0.6
3,2SLS,0.04888396781759552,0.0013989174405812468,0.0037885597501729614,260.32335154281594,333,0.6
3,UJIVE1,0.010557701382210483,0.0015282625566031725,0.0016397276150791017,1755.263982459622,333,0.6
3,UJIVE2,0.010551918261031346,0.0015219285458610886,0.0016332715248485753,1755.1575703134386,333,0.6
3,JIVE1,0.0009501062303316488,0.001520985491453735,0.00152188819330265,10000.0,333,0.6
3,JIVE2,1.0036941281034846,0.0037002415286971914,1.011102144318111,2939.50196856567,333,0.6
3,HFUL,0.010029777003361362,0.001384075589352589,0.0014846720160897457,10000.0,333,0.6
3,SJIVE,0.00834591343002895,0.0013589210523771492,0.001428575323358687,10000.0,333,0.6
4,OLS,0.12879755415804106,0.002742402797146236,0.019331212754239754,10000.0,333,0.6
4,2SLS,0.051602455141356286,0.0027933495991416413,0.005456162975757328,252.28254828891846,333,0.6
4,UJIVE1,0.012422727647748455,0.0028405666920972177,0.002994890854307351,1733.0728251536086,333,0.6
4,UJIVE2,0.011990719610011769,0.002847050666339586,0.0029908280231055067,1732.2097368216291,333,0.6
4,JIVE1,0.003881352025860796,0.002335499349712608,0.002350564243261261,10000.0,333,0.6
4,JIVE2,1.0023831758003718,0.006761043088413253,1.0115330742160524,2911.864651269048,333,0.6
4,HFUL,0.011261731178175572,0.002885550877013961,0.003012377466143453,10000.0,333,0.6
4,SJIVE,0.010973360635366403,0.0024432970864077105,0.002563711730041519,10000.0,333,0.6
5,OLS,0.12448335084666402,0.0017902253093807,0.01728632994739435,10000.0,333,0.6
5,2SLS,0.04383145898884733,0.001951514932957605,0.0038727117300486106,245.70490030094555,333,0.6
5,UJIVE1,0.002943906740986635,0.0020454746363194522,0.002054141223219079,1689.5461897443845,333,0.6
5,UJIVE2,0.0035494827054715515,0.002040055591004017,0.0020526544184804587,1690.7308382149815,333,0.6
5,JIVE1,-0.005842835921417255,0.001965627398907121,0.0019997661305117243,10000.0,333,0.6
5,JIVE2,0.9900033016217915,0.004434653607501645,0.9845411908295489,2869.777621962038,333,0.6
5,HFUL,0.006291309730870331,0.0018850361982503336,0.001924616776380077,10000.0,333,0.6
5,SJIVE,0.005817067949301147,0.0018495626795351923,0.0018834009590619795,10000.0,333,0.6
6,OLS,0.12985819803629686,0.002631776114969067,0.01949492771220316,10000.0,333,0.6
6,2SLS,0.05140981840324595,0.002730946260366994,0.0053739156886217195,250.65760333160605,333,0.6
6,UJIVE1,0.011505937858734416,0.0028035802548327044,0.0029359668608417615,1778.8761409580086,333,0.6
6,UJIVE2,0.012050422187148246,0.0027869340055112725,0.002932146680399788,1779.9241752043363,333,0.6
6,JIVE1,0.004929479254006486,0.0032392111307602946,0.0032635108964759753,10000.0,333,0.6
6,JIVE2,1.0021642743932058,0.006164547994668514,1.010497780864729,2971.910965299891,333,0.6
6,HFUL,0.013428111060728188,0.0029303725824917537,0.0031106867491510048,10000.0,333,0.6
6,SJIVE,0.012331589026236389,0.0030726919721338255,0.00322476006004582,10000.0,333,0.6
7,OLS,0.1101161838258192,0.0009938267664816546,0.013119400706843259,10000.0,333,0.6
7,2SLS,0.030474595178299025,0.0010672828326803757,0.001995983783961582,251.64546831059175,333,0.6
7,UJIVE1,-0.01009386805333452,0.0011361130342847365,0.0012379992065628636,1645.01799490853,333,0.6
7,UJIVE2,-0.01009382333198965,0.0011235742598211637,0.001225459529278582,1644.9737237832028,333,0.6
7,JIVE1,-0.017205947142114476,0.0013749857105992815,0.001671030327656519,10000.0,333,0.6
7,JIVE2,0.9689333126850229,0.0026151485025813024,0.9414469129333538,2808.8510656281733,333,0.6
7,HFUL,-0.009895292262953914,0.001111994509529568,0.0012099113184988438,10000.0,333,0.6
7,SJIVE,-0.011263521491990813,0.001173440169303248,0.001300307085703787,10000.0,333,0.6
8,OLS,0.14300890588648568,0.0023721825094073024,0.022823729672257015,10000.0,333,0.6
8,2SLS,0.06373208529289312,0.0021914140143806256,0.006253192710161229,244.86320514219943,333,0.6
8,UJIVE1,0.0234392900932483,0.002124166377151291,0.002673566697226739,1749.9987518712667,333,0.6
8,UJIVE2,0.023062146261450776,0.002113345305495643,0.0026452078956801916,1749.2363534198662,333,0.6
8,JIVE1,0.01779263039319141,0.0015782882593108252,0.001894865955619544,10000.0,333,0.6
8,JIVE2,1.019090854377506,0.00455230722017874,1.0430984766960538,2939.903315299247,333,0.6
8,HFUL,0.023020924243631356,0.001986814638679225,0.002516777591710239,10000.0,333,0.6
8,SJIVE,0.02191980690517703,0.0016204432680396144,0.002100921202799861,10000.0,333,0.6
9,OLS,0.11388071543582981,0.0013016890625119257,0.01427050641068837,10000.0,333,0.6
9,2SLS,0.034132724440746,0.0011278573172686386,0.002292900195016538,255.186201861761,333,0.6
9,UJIVE1,-0.006434731739094257,0.0010931173478633518,0.001134523120417459,1661.9591256473936,333,0.6
9,UJIVE2,-0.0064904565440950576,0.001075287363018659,0.0011174133891694452,1661.761037983213,333,0.6
9,JIVE1,-0.012158178923382047,0.0011562785909365447,0.001304099905669516,10000.0,333,0.6
9,JIVE2,0.9761919956128638,0.002335703116388203,0.9552865154150141,2828.4150545949697,333,0.6
9,HFUL,-0.005273622719442805,0.001046517675395604,0.0010743287719826272,10000.0,333,0.6
9,SJIVE,-0.0028737693546106334,0.0009539111164416778,0.000962169666745177,10000.0,333,0.6
10,OLS,0.11995094747349637,0.0017562395462879638,0.016144469346077446,10000.0,333,0.6
10,2SLS,0.04012318784188631,0.002138792324923285,0.0037486625275185786,252.8154385389048,333,0.6
10,UJIVE1,-0.0003208583319148417,0.0023831249412474284,0.0023832278913165873,1694.6966199683648,333,0.6
10,UJIVE2,0.00036567192025591664,0.0023192872571556303,0.002319420973108894,1695.876612390019,333,0.6
10,JIVE1,-0.007395900809147249,0.0026686729471556278,0.0027233722959343724,10000.0,333,0.6
10,JIVE2,0.9860361582878181,0.005419029977850853,0.9776863354288501,2866.702769345574,333,0.6
10,HFUL,0.0003771261452597541,0.002406812786530643,0.002406955010660082,10000.0,333,0.6
10,SJIVE,-0.00046988456306846783,0.002572051163274077,0.002572271954776687,10000.0,333,0.6
1,OLS,0.0831506815240671,0.0004145858603252223,0.0073286216982420575,10000.0,333,0.7000000000000001
1,2SLS,0.025910850285546384,0.0003269904386812862,0.0009983626012012854,353.0568396429366,333,0.7000000000000001
1,UJIVE1,-0.002993125353670334,0.0003037035783450161,0.0003126623777278002,2296.158719349141,333,0.7000000000000001
1,UJIVE2,-0.003362084143401822,0.000343588473031675,0.00035489208281898885,2295.178651938788,333,0.7000000000000001
1,JIVE1,-0.008192160401864124,0.0003018916923345308,0.0003690031843844013,10000.0,333,0.7000000000000001
1,JIVE2,0.9873608601434455,0.0006652956252456179,0.9755467637684502,3493.884133198165,333,0.7000000000000001
1,HFUL,-0.002967088892712244,0.00041720991283028503,0.0004260135293275414,10000.0,333,0.7000000000000001
1,SJIVE,-0.0023668020079279373,0.0003271966645405594,0.0003327984162852911,10000.0,333,0.7000000000000001
2,OLS,0.08681823991508297,0.0011300316630562884,0.008667438445009192,10000.0,333,0.7000000000000001
2,2SLS,0.030975556971104833,0.0011550173800681778,0.0021145025097383387,354.2905176325772,333,0.7000000000000001
2,UJIVE1,0.0027335182072550923,0.0011752013858742727,0.0011826735076636678,2364.2475851504464,333,0.7000000000000001
2,UJIVE2,0.0022933422136707017,0.0011184502540835888,0.0011237096725925928,2362.952306829381,333,0.7000000000000001
2,JIVE1,0.00015650741596733296,0.0010569413098164926,0.0010569658043877454,10000.0,333,0.7000000000000001
2,JIVE2,0.9938518377737962,0.0025472105937959853,0.9902886860401482,3555.412279316236,333,0.7000000000000001
2,HFUL,0.003005915956604155,0.0011133349831005455,0.001122370513838713,10000.0,333,0.7000000000000001
2,SJIVE,0.004901555614980646,0.0010627578053188458,0.0010867830527655938,10000.0,333,0.7000000000000001
3,OLS,0.07554755799029818,0.0025287574903168288,0.008236191008614295,10000.0,333,0.7000000000000001
3,2SLS,0.017920811735324827,0.0024635558039308725,0.0027847112971838284,341.96715464230556,333,0.7000000000000001
3,UJIVE1,-0.01119532495891895,0.0024462065153105514,0.002571541816246345,2270.539019728086,333,0.7000000000000001
3,UJIVE2,-0.010632779777097312,0.002437181872377631,0.0025502378781658815,2271.9575275465513,333,0.7000000000000001
3,JIVE1,-0.017436870832611962,0.0025613668201361307,0.002865411284569324,10000.0,333,0.7000000000000001
3,JIVE2,0.9759062767535944,0.0052250789738936924,0.9576181399809574,3469.439881470259,333,0.7000000000000001
3,HFUL,-0.010996889695680644,0.002414245923687509,0.0025351775066664766,10000.0,333,0.7000000000000001
3,SJIVE,-0.010782548731805109,0.0025909802472312243,0.0027072436043849768,10000.0,333,0.7000000000000001
4,OLS,0.08886753743918607,0.003142245231099649,0.011039684441604785,10000.0,333,0.7000000000000001
4,2SLS,0.02731455534270031,0.0033103324950498796,0.004056417428619318,332.5942057258061,333,0.7000000000000001
4,UJIVE1,-0.003907494773611231,0.0034294827077835112,0.00344475122318931,2226.9686359295947,333,0.7000000000000001
4,UJIVE2,-0.0040667826570036205,0.0033469484811615873,0.0033634872023408924,2226.5193802688223,333,0.7000000000000001
4,JIVE1,-0.009831667370903662,0.0036946637315492608,0.0037913254148413526,10000.0,333,0.7000000000000001
4,JIVE2,0.984706210761391,0.007901138388134544,0.9775474599001915,3435.3681582270606,333,0.7000000000000001
4,HFUL,-0.002254733291425226,0.003203929151692107,0.0032090129739075685,10000.0,333,0.7000000000000001
4,SJIVE,-0.0025834282595340596,0.0033667878862948504,0.003373461987867009,10000.0,333,0.7000000000000001
5,OLS,0.11106523112941416,0.0009090756467663192,0.013244561212596507,10000.0,333,0.7000000000000001
5,2SLS,0.05222865222851929,0.001001563877053884,0.003729395990661497,332.30209777718494,333,0.7000000000000001
5,UJIVE1,0.022526448101763918,0.0010667358807141835,0.0015741767447956466,2348.2621699476067,333,0.7000000000000001
5,UJIVE2,0.02314941917463862,0.0010849321399961861,0.0016208277481193124,2349.9645054997163,333,0.7000000000000001
5,JIVE1,0.01926818912031525,0.0009946063665990218,0.0013658694785752567,10000.0,333,0.7000000000000001
5,JIVE2,1.0243536669433742,0.002835376026659903,1.0521358110069965,3547.04977699165,333,0.7000000000000001
5,HFUL,0.023710994907351467,0.0010492149384388376,0.0016114262179352848,10000.0,333,0.7000000000000001
5,SJIVE,0.02475826491135824,0.0010459535343541148,0.0016589252157751075,10000.0,333,0.7000000000000001
6,OLS,0.08465578040095582,0.0037286460261428895,0.010895247181437745,10000.0,333,0.7000000000000001
6,2SLS,0.029539314792977667,0.0038564468435264418,0.00472901796196507,349.4564881808535,333,0.7000000000000001
6,UJIVE1,0.001786077183378687,0.0039322306160377955,0.003935420687742781,2376.167972838258,333,0.7000000000000001
6,UJIVE2,0.0021795365830854507,0.00392571911593481,0.003930469495651817,2377.1299851450453,333,0.7000000000000001
6,JIVE1,-0.0017832541066746144,0.0041656360655486615,0.004168816060757634,10000.0,333,0.7000000000000001
6,JIVE2,0.9906579791993029,0.008719788396972333,0.9901230201482191,3563.1312649765123,333,0.7000000000000001
6,HFUL,0.0011771942274948488,0.003941348192344185,0.003942733978593431,10000.0,333,0.7000000000000001
6,SJIVE,0.002283518948255092,0.003874057889120353,0.0038792723479073943,10000.0,333,0.7000000000000001
7,OLS,0.07772534192659117,0.0018597629083939953,0.007900991685999507,10000.0,333,0.7000000000000001
7,2SLS,0.01969610251054772,0.0020821063077546215,0.0024700427618606262,348.80666271374315,333,0.7000000000000001
7,UJIVE1,-0.009648666103053882,0.0022092335747593765,0.0023023303323275977,2328.473897038728,333,0.7000000000000001
7,UJIVE2,-0.009718200454454373,0.002164021047160992,0.00225846446723395,2328.2649390023503,333,0.7000000000000001
7,JIVE1,-0.0135965205271662,0.0021787734138529304,0.0023636387842985817,10000.0,333,0.7000000000000001
7,JIVE2,0.9743427843510041,0.004981766437793684,0.9543256278546608,3526.8348484545436,333,0.7000000000000001
7,HFUL,-0.008835800529538584,0.002123160842489836,0.0022012322134876304,10000.0,333,0.7000000000000001
7,SJIVE,-0.008553942700634054,0.002249441740487779,0.00232261167621351,10000.0,333,0.7000000000000001
8,OLS,0.09969631286343109,0.0016352425544552498,0.011574597353018383,10000.0,333,0.7000000000000001
8,2SLS,0.04329564921297289,0.0014539677374091828,0.0033284809781819824,346.61838461211386,333,0.7000000000000001
8,UJIVE1,0.01468839931714756,0.0013793007530340433,0.0015950498275340245,2362.9731545150453,333,0.7000000000000001
8,UJIVE2,0.014984011399535447,0.0014073563358114505,0.0016318769334328586,2363.7040444218082,333,0.7000000000000001
8,JIVE1,0.008848486499686859,0.001458944170137955,0.0015372398834730956,10000.0,333,0.7000000000000001
8,JIVE2,1.0126703113656048,0.0029942797708521233,1.028495439292163,3557.6345843820454,333,0.7000000000000001
8,HFUL,0.014882822996104151,0.0014915631488265644,0.0017130615691599307,10000.0,333,0.7000000000000001
8,SJIVE,0.01437729769093623,0.001513699719856137,0.001720406408749937,10000.0,333,0.7000000000000001
9,OLS,0.09311320650093098,0.00214895056233398,0.010819019787218994,10000.0,333,0.7000000000000001
9,2SLS,0.034905856215660336,0.00225170436192424,0.0034701231600725926,337.6827305269484,333,0.7000000000000001
9,UJIVE1,0.005551361352309203,0.0023154648501618456,0.002346282463025758,2294.0450066105677,333,0.7000000000000001
9,UJIVE2,0.005361636492537336,0.0022377338455455225,0.0022664809914236307,2293.442740602838,333,0.7000000000000001
9,JIVE1,0.0036088654456928547,0.0022886331579154142,0.00230165706772053,10000.0,333,0.7000000000000001
9,JIVE2,0.9970395810175405,0.005282238166862022,0.999370164282495,3492.2485082149406,333,0.7000000000000001
9,HFUL,0.005453321867325412,0.0022376441095345607,0.0022673828289232105,10000.0,333,0.7000000000000001
9,SJIVE,0.007473171974596138,0.0022468201583867335,0.0023026684577486223,10000.0,333,0.7000000000000001
10,OLS,0.0912410610530328,0.001917146753745386,0.010242077975828646,10000.0,333,0.7000000000000001
10,2SLS,0.03232865330829271,0.0018249385439798424,0.002870080368707628,339.9712599518382,333,0.7000000000000001
10,UJIVE1,0.0025695086941179834,0.001785893893135431,0.0017924962680645792,2274.0273154946167,333,0.7000000000000001
10,UJIVE2,0.0022181853885575808,0.0018239805493398872,0.0018289008957578974,2273.1624356585353,333,0.7000000000000001
10,JIVE1,-0.0010993043667498314,0.0017621129070515065,0.0017633213771422619,10000.0,333,0.7000000000000001
10,JIVE2,0.9931032963404706,0.004163684800714424,0.9904178420030227,3477.185789353275,333,0.7000000000000001
10,HFUL,0.0037369373244096503,0.0018661223839572555,0.0018800870845238217,10000.0,333,0.7000000000000001
10,SJIVE,0.0042637584028614615,0.0018990873469794656,0.0019172669826974381,10000.0,333,0.7000000000000001
1,OLS,0.06232293153732207,0.0009958105648496629,0.004879958360255397,10000.0,333,0.8
1,2SLS,0.018499180615600498,0.0009885568938100497,0.0013307765772586585,449.45812627909646,333,0.8
1,UJIVE1,-0.0035978558450531217,0.0009910533713365652,0.0010039979380183483,3039.612258742125,333,0.8
1,UJIVE2,-0.003636108566122975,0.0010088001295483456,0.0010220214150529782,3039.406500780072,333,0.8
1,JIVE1,-0.00694776663634471,0.0009041154268475471,0.0009523868880806519,10000.0,333,0.8
1,JIVE2,0.9884096038559049,0.002310174766268158,0.9792637197608547,4115.426894547067,333,0.8
1,HFUL,-0.003745868171414557,0.0009660856433243742,0.0009801171716819906,10000.0,333,0.8
1,SJIVE,-0.006410275349480243,0.0007695959598045807,0.0008106875898607347,10000.0,333,0.8
2,OLS,0.055752050807693056,0.0009590095529673597,0.004067300722230947,10000.0,333,0.8
2,2SLS,0.010886959820436637,0.0010083123941319158,0.0011268382882637174,446.0969984568662,333,0.8
2,UJIVE1,-0.011750420145544749,0.0010380120414205582,0.001176084415017382,2995.162984272208,333,0.8
2,UJIVE2,-0.011860091901150716,0.001039179255782072,0.001179841035685813,2994.8055709018627,333,0.8
2,JIVE1,-0.014719168352635892,0.001217962808233779,0.001434616725227017,10000.0,333,0.8
2,JIVE2,0.9752729293769347,0.0023198266924928154,0.95347711346796,4082.215771552711,333,0.8
2,HFUL,-0.010798521867319532,0.0011339987552194605,0.0012506068297384386,10000.0,333,0.8
2,SJIVE,-0.01080214418712091,0.0011419061778383368,0.001258592496877687,10000.0,333,0.8
3,OLS,0.06006661842143988,0.0009616273126423018,0.004569625961229161,10000.0,333,0.8
3,2SLS,0.014651769139555326,0.0009103503650321098,0.0011250247039509358,446.26087576507405,333,0.8
3,UJIVE1,-0.00823980937025437,0.0008884378464364287,0.0009563323048945602,2916.2620686713226,333,0.8
3,UJIVE2,-0.007888190712404763,0.000900325426444715,0.0009625489791599839,2917.4751847930356,333,0.8
3,JIVE1,-0.011249216810697104,0.0009215212893053518,0.001048066168159422,10000.0,333,0.8
3,JIVE2,0.9811225342091501,0.0021919785233090222,0.9647934056562937,4016.446586997555,333,0.8
3,HFUL,-0.007976843566812252,0.0009708841347342947,0.0010345141680236885,10000.0,333,0.8
3,SJIVE,-0.008147348096686935,0.0009605852967543817,0.00102696457776297,10000.0,333,0.8
4,OLS,0.0629865950236892,0.0005099857940635976,0.004477296946741826,10000.0,333,0.8
4,2SLS,0.02018581846687386,0.0005819727496924358,0.0009894400168700215,466.30465464024456,333,0.8
4,UJIVE1,-0.001383729561679692,0.0006221334345603775,0.0006240481420602435,3045.596622237369,333,0.8
4,UJIVE2,-0.0010035006419127468,0.0006097491009084418,0.0006107561144467612,3046.857176254818,333,0.8
4,JIVE1,-0.006623646154575935,0.0005807405756018911,0.0006246132639829197,10000.0,333,0.8
4,JIVE2,0.993642080242177,0.001349652995448966,0.9886742366234499,4109.608191226083,333,0.8
4,HFUL,-9.78757326174362e-05,0.0006209264948267679,0.0006209360744858035,10000.0,333,0.8
4,SJIVE,-0.0006315779642940944,0.0006508531413835386,0.0006512520321085205,10000.0,333,0.8
5,OLS,0.08860678158761748,0.0017671163663039971,0.009618278109619745,10000.0,333,0.8
5,2SLS,0.045392952375038154,0.0018113610474577917,0.0038718811727802742,461.8521313990088,333,0.8
5,UJIVE1,0.023573148426880096,0.001848807697110073,0.002404501023865793,3113.7963719868735,333,0.8
5,UJIVE2,0.02375578805401033,0.0017859715516477623,0.002350309017714822,3114.3056532831883,333,0.8
5,JIVE1,0.023466527043155196,0.002023158176823501,0.002573836068290635,10000.0,333,0.8
5,JIVE2,1.0285926467627644,0.004223467967666978,1.062226300942096,4166.235467891998,333,0.8
5,HFUL,0.02365750100093411,0.0017159120249282196,0.002275589378537418,10000.0,333,0.8
5,SJIVE,0.024417864157787926,0.001781840904054807,0.002378072994082991,10000.0,333,0.8
6,OLS,0.09105031467209038,0.0004905240135361488,0.008780683815422824,10000.0,333,0.8
6,2SLS,0.04725546990083105,0.00048003101967987244,0.002713110455228222,452.2739872663991,333,0.8
6,UJIVE1,0.025130191560883676,0.00048221016327865953,0.0011137366911653686,3064.833056973531,333,0.8
6,UJIVE2,0.024717928131286503,0.0004777680666148127,0.0010887440377182571,3063.4399204234314,333,0.8
6,JIVE1,0.02325429742203853,0.00042867930501612315,0.0009694416536087508,10000.0,333,0.8
6,JIVE2,1.0301868151754707,0.001083303763968873,1.0623681779253482,4129.133648079895,333,0.8
6,HFUL,0.02470637185279583,0.00046181138039028005,0.0010722161905189018,10000.0,333,0.8
6,SJIVE,0.02355923561608917,0.0004143757002508652,0.0009694132830652697,10000.0,333,0.8
7,OLS,0.08547466141540547,0.0010364569653448584,0.008342374709423065,10000.0,333,0.8
7,2SLS,0.04193996566747711,0.0010570176228064398,0.0028159783429955983,452.933884596721,333,0.8
7,UJIVE1,0.019999941695190638,0.0010772706953452327,0.0014772683631562578,3068.4399277447496,333,0.8
7,UJIVE2,0.019740958103365448,0.0011159059521468726,0.0015056113789857024,3067.656901015473,333,0.8
7,JIVE1,0.015496111963456771,0.0011273074655284618,0.0013674369515124496,10000.0,333,0.8
7,JIVE2,1.0228381739673549,0.002386903261041729,1.0485848333859145,4135.697638572258,333,0.8
7,HFUL,0.01878242283232019,0.0010562202750654893,0.0014089996825175524,10000.0,333,0.8
7,SJIVE,0.018407320298144313,0.0010537876375582198,0.0013926170781166955,10000.0,333,0.8
8,OLS,0.05409438556773836,0.002022088315087986,0.004948290865039126,10000.0,333,0.8
8,2SLS,0.009214005738760633,0.0021653717070425392,0.0022502696087964534,442.94979210733584,333,0.8
8,UJIVE1,-0.013439137492801567,0.0022426929191890913,0.002423303335739516,2995.423456577225,333,0.8
8,UJIVE2,-0.013456784932486632,0.0022496199903185667,0.002430705051037766,2995.3039308443936,333,0.8
8,JIVE1,-0.018082421825096763,0.0022780829671834135,0.0026050569462441496,10000.0,333,0.8
8,JIVE2,0.9728518228804006,0.0049847928582380085,0.9514254621399563,4079.8506786898506,333,0.8
8,HFUL,-0.011897259054509534,0.002103586016260223,0.0022451307892703324,10000.0,333,0.8
8,SJIVE,-0.012682037930001399,0.0020846421354647243,0.0022454762215227183,10000.0,333,0.8
9,OLS,0.0873460441207893,0.0014044774593303597,0.00903380888288123,10000.0,333,0.8
9,2SLS,0.043510086345243046,0.0015670401867657346,0.0034601678005362403,456.096941156567,333,0.8
9,UJIVE1,0.021411654524448286,0.0016664589260886812,0.002124917875563008,3134.28121485273,333,0.8
9,UJIVE2,0.021502612702240874,0.0016658767970628315,0.002128239150085402,3134.6257428704052,333,0.8
9,JIVE1,0.019155925494765504,0.0014676633818049311,0.0018346128633659384,10000.0,333,0.8
9,JIVE2,1.022402782559587,0.003957700959254164,1.0492651507448403,4185.727157817762,333,0.8
9,HFUL,0.021996068162712535,0.001614016016406285,0.002097843031024981,10000.0,333,0.8
9,SJIVE,0.02119759492642479,0.001525644792662626,0.001974982823327416,10000.0,333,0.8
10,OLS,0.08457886845015565,0.002637109156391883,0.009790694144700619,10000.0,333,0.8
10,2SLS,0.039366555345186516,0.002537975821158067,0.0040877015009037,438.46599077757236,333,0.8
10,UJIVE1,0.016544789826728155,0.002503989717985141,0.002777719788395748,3035.6502042803563,333,0.8
10,UJIVE2,0.016479497112611142,0.0024730941582930357,0.0027446679833775943,3035.3116495733007,333,0.8
10,JIVE1,0.013711986547895249,0.0024922880667443284,0.0026803066418339882,10000.0,333,0.8
10,JIVE2,1.0181432584249308,0.005670055180732878,1.0422857498568683,4109.822002564876,333,0.8
10,HFUL,0.016015857227219453,0.002571527207782376,0.0028280348905050535,10000.0,333,0.8
10,SJIVE,0.015884623719212197,0.002612788644572262,0.0028651099152732203,10000.0,333,0.8
1,OLS,0.045432363544347855,0.0007102350828198606,0.0027743347400456487,10000.0,333,0.9
1,2SLS,0.010988747494432238,0.0006410724396503228,0.0007618250111467138,576.9496985141897,333,0.9
1,UJIVE1,-0.006375227717474475,0.000614774909912141,0.0006554184383617958,3830.5094353971444,333,0.9
1,UJIVE2,-0.0071122105890157,0.0006033248438684027,0.0006539083833309097,3827.2885465296413,333,0.9
1,JIVE1,-0.008817349369447202,0.0006522846803979319,0.0007300303303008229,10000.0,333,0.9
1,JIVE2,0.9837577610372185,0.0012422247633413336,0.9690215571643025,4631.167310392112,333,0.9
1,HFUL,-0.0076279436950838385,0.0006000703055649586,0.0006582558305803278,10000.0,333,0.9
1,SJIVE,-0.008757034309636924,0.0007522591532305026,0.0008289448031306608,10000.0,333,0.9
2,OLS,0.032400076102777245,0.0008428403703116384,0.0018926053017773955,10000.0,333,0.9
2,2SLS,-0.0028839938925981244,0.0008107753713040801,0.0008190927920766235,562.5209421884076,333,0.9
2,UJIVE1,-0.020644036858387404,0.0007959177292853059,0.0012220939870957637,3661.514621864711,333,0.9
2,UJIVE2,-0.021194176916419272,0.0007801468097152023,0.0012293399448796817,3659.2001682236432,333,0.9
2,JIVE1,-0.01999212330566884,0.0009315433961612112,0.0013312283904302784,10000.0,333,0.9
2,JIVE2,0.9631420654609985,0.0017457209898850158,0.9293883592503631,4524.430424629252,333,0.9
2,HFUL,-0.02141724785504029,0.0007730577124379832,0.0012317562181222111,10000.0,333,0.9
2,SJIVE,-0.022797123684960074,0.0008894102872190059,0.0014091191355263737,10000.0,333,0.9
3,OLS,0.05038182099834909,0.0009601746909521543,0.0034985025780618433,10000.0,333,0.9
3,2SLS,0.01458962251664404,0.0009606515841656593,0.0011735086693438258,559.989205928134,333,0.9
3,UJIVE1,-0.003401848932326601,0.000968949305191537,0.0009805218813499085,3711.425705552182,333,0.9
3,UJIVE2,-0.003903829289253902,0.0009616901231355035,0.0009769300062551398,3709.447318461517,333,0.9
3,JIVE1,-0.004375441163644034,0.0008902287000233037,0.0009093731853998145,10000.0,333,0.9
3,JIVE2,0.9897493134937865,0.0018985059192564164,0.9815022094806783,4553.085071133914,333,0.9
3,HFUL,-0.003062739621670896,0.0009596328961931272,0.0009690132701832801,10000.0,333,0.9
3,SJIVE,-0.0025393194564296675,0.0008795786115661974,0.0008860267548679999,10000.0,333,0.9
4,OLS,0.03095740973880976,0.0019849674075302507,0.0029433286252668043,10000.0,333,0.9
4,2SLS,-0.002884771762855509,0.002117744402201963,0.0021260663103257324,585.8798924781236,333,0.9
4,UJIVE1,-0.019962686409949536,0.0021907836797321984,0.0025892925284341822,3765.9893465035857,333,0.9
4,UJIVE2,-0.019341451899002226,0.002228725874049449,0.0026028176356108655,3768.665806832836,333,0.9
4,JIVE1,-0.02451231039151842,0.002257286672605463,0.002858140033335605,10000.0,333,0.9
4,JIVE2,0.9657666230760829,0.004982436791393472,0.9376876070391742,4572.016464658109,333,0.9
4,HFUL,-0.019825007231475688,0.0021816357279648762,0.0025746666396929394,10000.0,333,0.9
4,SJIVE,-0.019863629443130117,0.002109395819251056,0.002503959593905041,10000.0,333,0.9
5,OLS,0.0471322299572321,0.0007261936609653785,0.0029476407617067854,10000.0,333,0.9
5,2SLS,0.011530505139048053,0.0007699106832606427,0.0009028632320222562,558.6620961381074,333,0.9
5,UJIVE1,-0.006422251380819333,0.0007978241012147221,0.0008390694140131579,3729.738822146001,333,0.9
5,UJIVE2,-0.005983343819579279,0.0007868370264821478,0.0008226374297454454,3731.559597883893,333,0.9
5,JIVE1,-0.00596985033156463,0.0009471543144028368,0.0009827934273841192,10000.0,333,0.9
5,JIVE2,0.9847810452847622,0.0018924343125143795,0.9716861414646634,4564.580292197932,333,0.9
5,HFUL,-0.00593548073531287,0.0007849416550297387,0.0008201715865890089,10000.0,333,0.9
5,SJIVE,-0.005144330979098832,0.0008750076086898494,0.0009014717499123655,10000.0,333,0.9
6,OLS,0.043285338443435385,0.00046197207760949267,0.002335592601772238,10000.0,333,0.9
6,2SLS,0.0076984071127399025,0.0004958929631153264,0.0005551584351888107,552.7516572938429,333,0.9
6,UJIVE1,-0.010306569921677578,0.000517835970647611,0.00062406135419804,3738.0017596813086,333,0.9
6,UJIVE2,-0.010853400179899265,0.000508654363665367,0.0006264506591304044,3735.805146286025,333,0.9
6,JIVE1,-0.011025882165660517,0.0005405272131762659,0.0006620972907072965,10000.0,333,0.9
6,JIVE2,0.9788530516340248,0.0010865286809052643,0.9592398253741482,4572.835149152057,333,0.9
6,HFUL,-0.010725169643376154,0.0004969847561559607,0.0006120140200351579,10000.0,333,0.9
6,SJIVE,-0.009654000318513734,0.0005084534006768385,0.0006016531228267017,10000.0,333,0.9
7,OLS,0.05353504948059795,0.0013169376913851217,0.004182939214275192,10000.0,333,0.9
7,2SLS,0.016125372913325452,0.0013388353509635965,0.0015988630025574068,549.4182566578102,333,0.9
7,UJIVE1,-0.002758882277127217,0.0013628845747426317,0.0013704960061616785,3637.83079578795,333,0.9
7,UJIVE2,-0.002741877287156025,0.001382809310495493,0.0013903272015533153,3637.9438844916017,333,0.9
7,JIVE1,-0.003983703624749757,0.0013992948948873118,0.0014151647894571563,10000.0,333,0.9
7,JIVE2,0.9910560404403409,0.003072305810758572,0.9852643811040451,4512.946547269257,333,0.9
7,HFUL,-0.0018646912291264029,0.0012801907938907865,0.0012836678672707674,10000.0,333,0.9
7,SJIVE,-0.0019296165577494585,0.001258142380174816,0.0012618658002347567,10000.0,333,0.9
8,OLS,0.04654813788641403,0.0009760220177087939,0.003142751158401407,10000.0,333,0.9
8,2SLS,0.011819474210676816,0.0008981910379368549,0.0010378910085537094,567.484987875787,333,0.9
8,UJIVE1,-0.005669570664142776,0.0008617972462733704,0.0008939412777890787,3764.8369930978006,333,0.9
8,UJIVE2,-0.0056900934265339265,0.0008318929539055271,0.0008642701171082117,3764.8148386444127,333,0.9
8,JIVE1,-0.007952857778393451,0.0010035259346856062,0.0010667738815289592,10000.0,333,0.9
8,JIVE2,0.9868292944367347,0.001795116191205684,0.975627172549709,4588.83882813002,333,0.9
8,HFUL,-0.005819269283539286,0.000850481115341823,0.000884345010336167,10000.0,333,0.9
8,SJIVE,-0.0055393147327515106,0.0008475585818279107,0.0008782425895363886,10000.0,333,0.9
9,OLS,0.0503355454167322,0.0036683465480116333,0.006202013680411544,10000.0,333,0.9
9,2SLS,0.015159742389680809,0.0035399026983192333,0.003769720487640719,567.1613434023388,333,0.9
9,UJIVE1,-0.0025918563662577386,0.003474676722285518,0.0034813944417088293,3831.200512969095,333,0.9
9,UJIVE2,-0.0024717956542295695,0.0034244780866655236,0.0034305878604217917,3831.7218441945674,333,0.9
9,JIVE1,-0.004171732292119845,0.0033956085400833453,0.003413011890400461,10000.0,333,0.9
9,JIVE2,0.9891362998722532,0.007677124146117903,0.9860677438710901,4637.067635522306,333,0.9
9,HFUL,-0.0018488590443129116,0.0033881070236516883,0.003391525303417426,10000.0,333,0.9
9,SJIVE,-0.0021177472617667226,0.003483996683268429,0.003488481536733149,10000.0,333,0.9
10,OLS,0.06480943690790934,0.001037782559578627,0.005238045671898909,10000.0,333,0.9
10,2SLS,0.02928089578674531,0.0010111086460043775,0.0018684795040786167,561.8043523610438,333,0.9
10,UJIVE1,0.011361828320871825,0.0010018334763865764,0.0011309246191795414,3872.5523257415975,333,0.9
10,UJIVE2,0.011658412316608491,0.0009890997322401771,0.0011250183099842258,3873.736952424134,333,0.9
10,JIVE1,0.008828402466078878,0.0008781292506142692,0.0009560699407173366,10000.0,333,0.9
10,JIVE2,1.0125520934879682,0.002210220407568659,1.0274719624344357,4662.992167623298,333,0.9
10,HFUL,0.012070848546629587,0.0009789511898985828,0.0011246565745342523,10000.0,333,0.9
10,SJIVE,0.01175294698748608,0.0009607249702453373,0.0010988567331359955,10000.0,333,0.9
